data;serie1;serie2
2010-06-01;0.39284557418926;-0.163432465444634
2010-06-02;1.30740003039792;-0.0861574086752116
2010-06-03;-0.275575082829912;-0.24423646785144
2010-06-04;0.912652361949809;-0.0223136818860875
2010-06-05;-0.147207813542037;-0.359476866821973
2010-06-06;0.673375901921531;-0.0901393299254118
2010-06-07;-0.195488954167105;-0.0396699289770104
2010-06-08;-2.65202500260967;-0.0665823129657961
2010-06-09;-0.236743990844951;0.13035722484153
2010-06-10;-0.947775782880461;0.0364163943916031
2010-06-11;0.392359241714246;0.0906746855099689
2010-06-12;2.15905485987102;0.480624470893739
2010-06-13;3.05254821470243;-0.542497032772418
2010-06-14;2.65865977265392;-0.10964921937083
2010-06-15;2.52301941975796;0.324159451463587
2010-06-16;1.47179573399461;0.0365419078290605
2010-06-17;1.94493940957604;0.154480050062197
2010-06-18;1.18219568227289;0.00167158950273928
2010-06-19;1.48623599222151;-0.186336739384219
2010-06-20;-0.19730160632728;0.343166852874573
2010-06-21;0.813424869976429;-0.116566006478381
2010-06-22;0.352834295778103;0.00212715383091828
2010-06-23;-0.226071504689716;-0.0652310810246512
2010-06-24;0.363657591017891;0.241842620113023
2010-06-25;-0.903361846600443;-0.510108159799125
2010-06-26;0.385466136673718;0.232739329690349
2010-06-27;-0.986648315324222;-0.0824267017592245
2010-06-28;-0.795971075616843;-0.315824167969317
2010-06-29;-1.78097867236443;0.061008042778514
2010-06-30;-0.390333752266819;0.457491965212172
2010-07-01;-0.254199394786145;0.38402171565572
2010-07-02;-0.506951012860472;0.336035927588992
2010-07-03;-1.90498240687548;0.305945183117388
2010-07-04;-1.515543501571;0.13637961667637
2010-07-05;-1.88053245101142;-0.170818689032629
2010-07-06;0.498993027937838;-0.120590690760128
2010-07-07;0.265289970134625;-0.593434510710932
2010-07-08;0.788789032219897;-0.846403045411844
2010-07-09;0.132393281587644;-1.06656804235606
2010-07-10;0.666234636980562;-0.578135087299003
2010-07-11;0.567513845794983;-0.072781784088888
2010-07-12;-0.357174755363326;0.0807607184130909
2010-07-13;-1.79457233726811;-0.465025092351997
2010-07-14;-2.14898290221112;-0.415190441976206
2010-07-15;-0.507022405136535;0.0596577048235401
2010-07-16;-0.577497797580322;-0.0519880551107186
2010-07-17;-1.27556884905708;0.452655000340297
2010-07-18;-0.231317524691961;-0.0219308649727722
2010-07-19;1.56069455946678;0.934311164482391
2010-07-20;0.139696472139723;0.381968882503904
2010-07-21;2.05558804661415;-0.878784029009807
2010-07-22;2.4562293498307;-0.140431982256417
2010-07-23;1.93037351700608;-0.692491636362344
2010-07-24;1.12847544108193;0.141670098907011
2010-07-25;0.424174361411552;0.99551483697773
2010-07-26;0.187067601999554;-0.31408620235758
2010-07-27;0.117704629941155;-0.333349548896489
2010-07-28;-0.518113069057847;-1.16544889497418
2010-07-29;-0.261562569459104;-0.772867657323021
2010-07-30;0.066632245019976;0.726214667955491
2010-07-31;1.9580452901307;-0.128670080985163
2010-08-01;0.241157804166711;0.898184701915918
2010-08-02;1.75806948460067;0.313826555082632
2010-08-03;2.14079218109277;0.0962424176530957
2010-08-04;1.87806518025345;0.436299125754761
2010-08-05;0.700592767702329;0.930171801972756
2010-08-06;-0.122838431975172;0.673938218264691
2010-08-07;0.266202007797824;-0.702813281032593
2010-08-08;0.856102585304555;-0.407043965858314
2010-08-09;2.28711096786663;0.308963381000153
2010-08-10;2.03604408945141;0.0650584632495643
2010-08-11;1.84988937692227;-0.251442296532708
2010-08-12;2.3390790792076;0.0272552894463009
2010-08-13;0.482262706761377;-0.590428218652375
2010-08-14;1.0559595121471;1.25888084142652
2010-08-15;0.912550915917773;-0.458452665754063
2010-08-16;0.349310771907215;0.291912049535285
2010-08-17;-2.12163297417001;0.0213019752948653
2010-08-18;-1.61077642312802;-0.323481061902236
2010-08-19;-2.2118957215577;-0.261311454160378
2010-08-20;-0.911698782236914;-0.462856391781875
2010-08-21;-2.19245474116267;0.210345133243905
2010-08-22;-2.39721714997115;0.106344270787332
2010-08-23;-1.50824642823329;-0.028363723218576
2010-08-24;-2.05115214002282;-0.0539062011448028
2010-08-25;-0.0191012079984861;-0.374772562925969
2010-08-26;-1.12295682667141;0.118863635183863
2010-08-27;0.520979373354169;0.351301381517508
2010-08-28;-0.249825347749223;-0.173670759439029
2010-08-29;0.431521639136372;0.0718208193021752
2010-08-30;-1.10085885331541;-0.166443463431165
2010-08-31;-0.12433393200936;0.327205503503262
2010-09-01;0.952741269535026;0.617809141074372
2010-09-02;-0.000526621032228516;-0.0997422076840351
2010-09-03;-0.776466710982771;0.35791026266758
2010-09-04;-1.31037144801826;-0.804321628771747
2010-09-05;-1.9016482352857;0.865884279112297
2010-09-06;-1.12357105109588;-0.00997897270009893
2010-09-07;-2.46584833724861;-0.465950765818297
2010-09-08;-2.37455204040626;-0.25574256358052
2010-09-09;-0.755712909514054;0.00495273900962044
2010-09-10;-2.05927053888506;-0.574096858517075
2010-09-11;-0.604192851612983;-0.549744125663611
2010-09-12;1.67766388420861;-0.163348966282934
2010-09-13;2.40142936020094;0.111728658073419
2010-09-14;1.29509273409863;-0.44204738564592
2010-09-15;0.995777403195463;0.123029927748514
2010-09-16;-0.927949673763904;0.315683019447938
2010-09-17;0.00986399369705318;0.225003718292071
2010-09-18;-0.235550958113923;-0.217827187488247
2010-09-19;-0.28479677406198;-0.180417688239604
2010-09-20;0.41271710116224;-0.107541644010919
2010-09-21;-1.45851554888848;0.0779361986610279
2010-09-22;0.29342851089508;-0.0752733800971409
2010-09-23;0.670643448948459;0.0722183507374595
2010-09-24;-1.20578577473632;-0.211281965856766
2010-09-25;0.242685252655581;-0.20585213384485
2010-09-26;0.144789933175076;-0.288255080055191
2010-09-27;-1.16109640815716;-0.324603533335751
2010-09-28;-1.19289435766157;-0.177608751445848
2010-09-29;-0.753797299083074;-0.408804616625777
2010-09-30;-1.17840195416746;0.11132717722275
2010-10-01;-0.747922837918535;0.133844603673387
2010-10-02;-0.590835086252185;-0.759270033651319
2010-10-03;2.3147031609714;-0.344916658935005
2010-10-04;3.17566799899064;0.0282054234123387
2010-10-05;2.32331828898527;0.359421733506643
2010-10-06;1.34758038976989;-0.126124695387258
2010-10-07;0.437962393989906;0.284139919033681
2010-10-08;1.85394857373037;0.144190212939678
2010-10-09;1.65376684616725;0.154995959608363
2010-10-10;2.15480836004189;0.421800881094232
2010-10-11;1.95724434812009;-0.142902029599354
2010-10-12;2.42866570079585;-0.12197396524932
2010-10-13;1.2565593542903;0.00958266141218689
2010-10-14;2.34229622516031;0.427282337714321
2010-10-15;2.17887680025567;0.365664312139748
2010-10-16;2.68312284323654;0.793079703486428
2010-10-17;0.56131545162319;0.0698010466117397
2010-10-18;1.11163030343759;0.338285449057469
2010-10-19;2.41485520455724;0.086053890802326
2010-10-20;1.63401652492085;0.00589826177475638
2010-10-21;2.07361136779741;0.933140378483445
2010-10-22;1.00475594228549;0.666469556522531
2010-10-23;0.668138488232707;0.450905023717157
2010-10-24;1.21919352447384;-0.712402000283387
2010-10-25;1.15152242483452;-0.67459301239515
2010-10-26;0.716706735149083;-0.167864478314451
2010-10-27;0.132862728930074;0.326999263991917
2010-10-28;0.27186819101148;0.145211046771978
2010-10-29;0.381543418426775;0.510593461339248
2010-10-30;-1.01432052388311;0.202589193017459
2010-10-31;-0.067160247043257;0.335818564903684
2010-11-01;0.910359767081683;-0.104167797269097
2010-11-02;0.569965470471349;-0.372094023799401
2010-11-03;1.04468655606047;0.224135720092582
2010-11-04;0.93443307549375;-0.116889822425658
2010-11-05;1.76896537015238;-0.0610211016267115
2010-11-06;1.43112624129296;0.190454096611469
2010-11-07;0.671288864244177;0.101848463454163
2010-11-08;-0.123187463581011;0.526511483305845
2010-11-09;-2.02082287948655;-0.0865263700906785
2010-11-10;0.475466017574524;0.158615707994467
2010-11-11;-0.293027409004564;-0.0495931854489306
2010-11-12;-0.904841223397888;-0.00284770194447401
2010-11-13;-1.61795062451107;-0.123346388071398
2010-11-14;-1.63897168893455;0.00420555259969238
2010-11-15;-1.40538810766639;-0.00384446469404485
2010-11-16;-1.49789442834765;-0.127274701095868
2010-11-17;-3.91439177733051;0.488922358297486
2010-11-18;-2.87500838338484;-0.0119167429146561
2010-11-19;-3.57634823410308;0.370663382472732
2010-11-20;-3.07886119290537;0.170393245450198
2010-11-21;-1.80765931571114;-0.165361606964897
2010-11-22;-0.201125019742545;0.360190272323647
2010-11-23;-2.09385009942766;0.272265246242879
2010-11-24;-1.59645320939174;-0.0987833233137401
2010-11-25;-2.48436641358644;-0.654158948424564
2010-11-26;-2.877474798944;-0.388433175828406
2010-11-27;-3.3622759264455;-0.132834672872651
2010-11-28;-1.93072893644985;0.241589085147776
2010-11-29;-2.77135692874078;-0.210945295640025
2010-11-30;-2.8950298791522;0.183693760783468
2010-12-01;-2.11162829027357;-0.106297377461009
2010-12-02;-1.75178059445215;0.301129583816215
2010-12-03;-2.20500292348904;0.0912643858460148
2010-12-04;-1.90677293303272;-0.43904627783103
2010-12-05;-2.28770399856292;-0.237946726035165
2010-12-06;-1.45670539457524;-0.395848455525049
2010-12-07;-2.54592383705432;-0.596126399955762
2010-12-08;-2.2208121713436;0.864839299769259
2010-12-09;-1.00201604180604;0.174962330728987
2010-12-10;-0.433027382366667;0.23675943326717
2010-12-11;-0.0892122010252964;0.282975166621274
2010-12-12;-1.48381538008134;0.362711523215205
2010-12-13;-0.061159220468815;-0.430564823043063
2010-12-14;4.06847296179378;-0.734034072946637
2010-12-15;4.24611381395988;0.577229866158872
2010-12-16;4.04700632154712;-0.184111030228631
2010-12-17;3.09178880395631;0.24223398822541
2010-12-18;2.92673762060795;0.283163671039026
2010-12-19;4.57643144290213;0.500931967866409
2010-12-20;4.25379410055383;0.171081226363856
2010-12-21;4.42247245506016;-0.495266296342589
2010-12-22;3.45385722522751;0.0455313476064919
2010-12-23;4.63983658722898;0.227301782827593
2010-12-24;3.38414135743387;0.0521489166790624
2010-12-25;1.72397985367259;0.252813680110139
2010-12-26;1.45199138781605;-0.138516458195561
2010-12-27;0.308944396966144;-0.054423457555272
2010-12-28;-0.777108500634601;-0.245310690537135
2010-12-29;-1.62298802286792;0.620433032547539
2010-12-30;-0.203069268181035;-0.53141266780091
2010-12-31;2.03264326471048;-0.0350396386701873
2011-01-01;0.123893871748105;-0.0129406958194302
2011-01-02;1.51060568704574;0.0695134723167344
2011-01-03;1.362125112187;0.411970633133457
2011-01-04;-0.578846741936408;0.351861520793024
2011-01-05;-0.254741144862346;0.268162544652782
2011-01-06;-1.72160607428046;0.100699958357219
2011-01-07;-0.117937593162353;0.364084119356579
2011-01-08;-0.763814406999854;0.11639336809534
2011-01-09;0.692987501925271;0.178474272132629
2011-01-10;0.53720397749344;0.418242376986003
2011-01-11;0.0217602806568778;0.103267930351568
2011-01-12;-0.760747261160907;0.141539023421048
2011-01-13;-1.17249632595098;0.189729532785237
2011-01-14;-0.513565386998943;0.215834995113787
2011-01-15;-2.40430202239851;-0.24707604794459
2011-01-16;-0.734946003601431;-0.20091918211747
2011-01-17;-1.30440799758026;-0.44075774501279
2011-01-18;-3.24459813115554;-0.335830165545997
2011-01-19;-0.863030384285625;-0.212167495465341
2011-01-20;-2.41313753211135;0.204122704855643
2011-01-21;-2.25739328212302;0.355949803991018
2011-01-22;-2.61038084556158;0.062333426624785
2011-01-23;-2.39864112258652;-0.190478680046526
2011-01-24;-1.62822960729098;-0.125219665564575
2011-01-25;-3.12696724391187;0.815513461906076
2011-01-26;-2.16849092589551;0.592606039219041
2011-01-27;0.285167755071454;0.307835680353019
2011-01-28;1.04017204746543;-0.131174411162913
2011-01-29;0.1231013472796;0.159313332275098
2011-01-30;0.0752571659274693;0.316176966243359
2011-01-31;1.91610487250226;0.655524579453646
2011-02-01;2.69909425878676;-0.0255250531869028
2011-02-02;2.50876228624638;0.153250617671249
2011-02-03;1.98539937790315;0.31871376240428
2011-02-04;3.771400904093;0.0240747314998823
2011-02-05;2.3717692147728;-0.0025310096531021
2011-02-06;2.02123238196624;0.319443002162413
2011-02-07;1.02784245433676;0.0904552871106499
2011-02-08;0.893629440008609;0.0921661704760131
2011-02-09;-0.845841580824789;0.0396451689803276
2011-02-10;0.0992715787681911;0.0235799952175603
2011-02-11;1.13576087793853;0.0551534335279446
2011-02-12;1.37177936620506;0.046169302088978
2011-02-13;2.9729673284534;-0.0693908668395297
2011-02-14;3.49948527726696;0.0427381835323044
2011-02-15;3.47276158222731;-0.208253911073545
2011-02-16;1.42735840414961;-0.0183654069318851
2011-02-17;0.36338438361547;0.394091062338994
2011-02-18;0.856369054103231;-0.099375175811213
2011-02-19;-0.254406967156903;0.0313109467879039
2011-02-20;-0.5740314569588;0.0608056040072488
2011-02-21;-2.09795701054774;0.495864273496681
2011-02-22;-2.68738070105023;0.0411805169668298
2011-02-23;-1.13826654325144;0.291473932309842
2011-02-24;-1.63049046689337;0.428896115469661
2011-02-25;0.356359519058147;0.552097949536753
2011-02-26;1.2651479775416;0.188679793629518
2011-02-27;2.15027909406251;-0.0670309689218118
2011-02-28;1.63952169522963;0.147832909085868
2011-03-01;0.964215607051704;0.357837617499755
2011-03-02;0.818149371567698;0.336668555485075
2011-03-03;0.237750090723243;0.284799690501586
2011-03-04;1.24448686322001;0.218324522112949
2011-03-05;0.525502521385745;0.549928221450383
2011-03-06;0.673590543419818;0.507973626698533
2011-03-07;-0.0872588476126285;0.567419781947619
2011-03-08;0.218679874623139;-0.047512819412992
2011-03-09;-1.90574088196814;-0.210031019038546
2011-03-10;-0.0471631099350367;-0.149767971535865
2011-03-11;-0.0279916151874671;-0.0314972625129826
2011-03-12;-1.1804713084329;0.00246754212937078
2011-03-13;0.10201188602493;-0.0734787116562353
2011-03-14;1.22704250254319;-0.132482012018567
2011-03-15;1.3000423783109;0.519842402291204
2011-03-16;-0.0730314013012668;-0.638587146860726
2011-03-17;-0.285086628946578;-0.0398026311564063
2011-03-18;-0.638581401106231;0.288909024788114
2011-03-19;-1.08869155687624;0.392060712246482
2011-03-20;-1.10913981717065;0.320647086903384
2011-03-21;-0.16593289140134;0.2863875324034
2011-03-22;0.739727610680338;-0.120719039985842
2011-03-23;0.177174552623707;0.0612419606541997
2011-03-24;0.846220421090515;-0.223810400973436
2011-03-25;1.29519904017509;0.0103063937837552
2011-03-26;-0.863605692669816;-0.0115781169539426
2011-03-27;-0.449114299347373;0.619510358368615
2011-03-28;-1.42030571758036;0.51203974884915
2011-03-29;-0.312373243344395;-0.174796026342803
2011-03-30;-0.124986183619126;0.10193406672323
2011-03-31;1.49975297378362;-0.135657694077614
2011-04-01;-0.656351392770187;-0.411277928339173
2011-04-02;1.10815940099056;-0.381894252877289
2011-04-03;1.0891298559155;0.059413106276013
2011-04-04;0.450957081089373;0.430848971263163
2011-04-05;-0.90599268456864;0.32210160577432
2011-04-06;-0.878381001780662;-0.155956841789387
2011-04-07;-0.418136426315304;0.492436005585724
2011-04-08;-1.03384284056432;0.20205027883249
2011-04-09;0.302125703383546;0.512555189477339
2011-04-10;0.806754323380915;0.341398387790727
2011-04-11;0.0578713359656493;0.314674470403415
2011-04-12;-0.548939619126558;0.57173662971433
2011-04-13;-0.0612441031856443;0.459577580086283
2011-04-14;-0.608705759266846;0.0719851537136698
2011-04-15;0.239100501483432;-0.0918690111950143
2011-04-16;0.0864171966832399;0.171709298117337
2011-04-17;1.56974044572283;0.0221933749868531
2011-04-18;2.21757511429311;0.424191222906787
2011-04-19;1.87552612978775;-0.167358981045168
2011-04-20;2.77717713912335;-0.631242490697576
2011-04-21;3.2481345473007;0.604355486956882
2011-04-22;2.05273442269834;0.698556222700643
2011-04-23;0.684981069277011;-0.97246565166517
2011-04-24;0.728130432893318;-0.113114056840136
2011-04-25;1.07086112577164;0.33902315528489
2011-04-26;1.85623278497169;0.785866862835499
2011-04-27;-0.0126030015242641;-0.0828077238328181
2011-04-28;0.591929481485295;0.171451648078229
2011-04-29;0.629993868117494;-0.577713033075303
2011-04-30;0.997998811953105;0.135378268792134
2011-05-01;0.957085293357153;0.383941290808609
2011-05-02;1.84413606696056;0.134251727265517
2011-05-03;1.17632058794591;0.0154310574690762
2011-05-04;3.48314887718586;0.397405898426725
2011-05-05;3.84272898372705;0.910354191389508
2011-05-06;4.06653578996895;0.340620731546252
2011-05-07;3.47207447285291;-0.066318960108015
2011-05-08;1.26258531981719;1.0619637970901
2011-05-09;0.497580300334004;0.0423581181838465
2011-05-10;0.28095361664799;-0.0409158049090393
2011-05-11;0.203774873038618;-0.0210004304187131
2011-05-12;0.0652746445279321;-0.145714367867467
2011-05-13;1.28706820388769;0.0392956785924184
2011-05-14;0.70751743365567;-0.237321825783962
2011-05-15;1.56903566363628;-0.132183268904926
2011-05-16;1.54022087825796;-0.553087710774156
2011-05-17;1.10091891224973;0.334080329648587
2011-05-18;1.75298742690165;-0.442008178891045
2011-05-19;0.763837947379678;-0.415186351404023
2011-05-20;0.26964536866477;0.687532030501757
2011-05-21;1.63989988026058;0.535540771016993
2011-05-22;1.65111741795149;0.177223318490752
2011-05-23;1.73285723967653;0.367848387357493
2011-05-24;1.36874744485172;0.0438187712384166
2011-05-25;1.15222836312401;0.403954195965166
2011-05-26;1.05992093386787;0.0764159556815901
2011-05-27;0.628237122954336;-0.402539059826143
2011-05-28;1.89414040870738;0.116540467444419
2011-05-29;0.67109463009574;0.409995579795707
2011-05-30;0.0628772685083322;0.546685196381562
2011-05-31;0.885875034232338;-0.366610905661724
2011-06-01;0.367705584910498;0.0269411761226524
2011-06-02;-0.172581133488362;-0.0272780344970788
2011-06-03;-0.514312371965396;0.213148347037617
2011-06-04;-1.80642116142048;-0.0306671278985932
2011-06-05;-3.0309208505409;0.168785766653645
2011-06-06;-2.82780629445826;0.0318237667637139
2011-06-07;-2.99025306114842;0.0619159807188112
2011-06-08;-0.80184772834814;0.431351136721911
2011-06-09;-1.13268345501712;-0.0443615377741881
2011-06-10;-1.63261230126747;-0.129135672297706
2011-06-11;0.315787902387605;0.0958828127440474
2011-06-12;0.179714604110201;-0.20854964768097
2011-06-13;0.606292574380595;-0.00286975816183111
2011-06-14;0.870617429679443;0.371132094451708
2011-06-15;1.80865965734971;-0.020901104017482
2011-06-16;0.390098936389029;-0.0546281318300896
2011-06-17;1.33983779914993;0.431523339190574
2011-06-18;-1.31535205806173;0.330966589595533
2011-06-19;-0.428971235296276;-0.279311540722937
2011-06-20;0.445421864688511;-0.321684671953283
2011-06-21;1.13481073013079;0.133838925479275
2011-06-22;2.57394193335674;-0.204843875082929
2011-06-23;1.83572370726276;-0.375635459580693
2011-06-24;3.46322037803986;-0.17571074740392
2011-06-25;2.24360626400393;0.304620635910483
2011-06-26;1.42900649783724;0.0534425066473103
2011-06-27;-0.260767763522004;-0.161002074448103
2011-06-28;0.350594985234872;0.421312214199544
2011-06-29;-0.00443447227960374;-0.0908290772369134
2011-06-30;0.269635656665657;0.0472935102504674
2011-07-01;0.563426444658118;-0.165204441290937
2011-07-02;0.978189186486119;0.303008856034483
2011-07-03;1.57811909430541;-0.31708834524102
2011-07-04;1.31613775205209;0.265912638435212
2011-07-05;1.90080372448502;-0.243896318435616
2011-07-06;1.55935200075218;0.18730146125208
2011-07-07;1.78175325182141;0.639797487885179
2011-07-08;2.88997883177633;0.217622939518138
2011-07-09;2.46585166159016;0.204621022089569
2011-07-10;1.83634105081944;0.193733630142831
2011-07-11;4.65334939457845;0.421151393877717
2011-07-12;0.520679937822913;-0.195931711283647
2011-07-13;0.293659313460746;0.268815112687306
2011-07-14;0.656192217991161;0.248739680962461
2011-07-15;-1.12444331681333;-0.395608946993855
2011-07-16;-1.7440329965126;-0.135729822805879
2011-07-17;-0.528408339549885;-0.514875629959228
2011-07-18;0.734580971953687;0.0375281443961697
2011-07-19;0.4802031227874;0.125042187926141
2011-07-20;0.452286467197844;0.049288118045454
2011-07-21;-0.892243171887514;-0.00107322698760225
2011-07-22;1.33968969890211;-0.24667836299924
2011-07-23;-0.501067907359732;-0.805779405310251
2011-07-24;0.193126058392035;-0.0608987875111193
2011-07-25;-0.315435716817249;-0.0544164271971191
2011-07-26;-1.12478159853538;-0.533884321693179
2011-07-27;-0.393102845171034;0.168816156844601
2011-07-28;0.0405388531173371;0.214273040876108
2011-07-29;1.08859796370014;0.330342287797045
2011-07-30;2.11659681929018;-0.0174920431554654
2011-07-31;0.685358855991926;0.284812637960892
2011-08-01;1.7481176432631;0.28067434892344
2011-08-02;2.83869955795615;0.404868895808387
2011-08-03;2.90478015188505;0.364917050430959
2011-08-04;1.91703694332154;0.435284009191704
2011-08-05;1.94137350156724;0.12579167671942
2011-08-06;1.54727014376288;0.246946974571348
2011-08-07;1.19018934383334;0.451169730072764
2011-08-08;2.41548764316498;-0.0708824394013338
2011-08-09;3.30573931802513;0.00538635480875232
2011-08-10;0.884075629328368;-0.0642841962111287
2011-08-11;1.36033335113074;-0.0807349143206463
2011-08-12;-1.22813210175095;-0.3817587215886
2011-08-13;-1.36916549689708;0.217033133489746
2011-08-14;-2.22620675754713;0.115159749881745
2011-08-15;-0.224362467513205;0.0878091682847222
2011-08-16;-0.972000219334988;-0.0273449793966594
2011-08-17;0.0935693326261069;0.0446946329852337
2011-08-18;0.626166475368733;-0.279975377512564
2011-08-19;0.0198446609505473;-0.308355389292432
2011-08-20;-1.40101047083716;-0.0466371213425975
2011-08-21;-0.968672442879414;0.202153379370498
2011-08-22;0.272946044188716;0.331974632408558
2011-08-23;-0.0037366569263895;0.519144835506308
2011-08-24;-1.79119322247858;-0.254535467460997
2011-08-25;-0.430430806092067;-0.271560101349572
2011-08-26;1.388045338524;-0.119728308843132
2011-08-27;1.3328341247838;0.129648597006023
2011-08-28;1.85942385515218;0.149399919182517
2011-08-29;0.710104409612407;-0.256249814085812
2011-08-30;-0.251404978275882;-0.245370900057569
2011-08-31;2.23979250494573;0.314555853568158
2011-09-01;2.178575129871;-0.54328309523247
2011-09-02;2.9864775415973;-0.0926968759820049
2011-09-03;0.913120705163487;-0.192437986669035
2011-09-04;3.39730004520463;-0.332880642497122
2011-09-05;0.391641361707314;-0.144007268343867
2011-09-06;2.51797095645466;-0.226305036682029
2011-09-07;1.4779140665415;0.0972920504843142
2011-09-08;1.84883785494227;0.0621762032204942
2011-09-09;1.63232975585895;0.578536843231343
2011-09-10;2.06269905428004;0.471356177053566
2011-09-11;0.518548534343781;0.18804486323907
2011-09-12;2.18400695735722;-0.157893335490947
2011-09-13;2.27114347612039;-0.0709882622355401
2011-09-14;1.89548078895136;-0.289342901618576
2011-09-15;3.01740197715827;-0.312852172633939
2011-09-16;2.74665430890774;0.0114523139263453
2011-09-17;1.51993090322015;-0.0850280768266547
2011-09-18;0.453514268445082;0.0379472491948505
2011-09-19;-0.0221852932927297;0.196759871433989
2011-09-20;0.0507275159927925;0.608029417977981
2011-09-21;0.95926629371249;0.16099282825606
2011-09-22;1.27768877558808;0.230160038336324
2011-09-23;0.173138153723718;-0.121020278327513
2011-09-24;0.989339026700356;-0.466188070988795
2011-09-25;-0.858831573573666;-0.0733615931419353
2011-09-26;0.476339601935154;0.000294423698862442
2011-09-27;1.36841018924854;0.42660000038644
2011-09-28;-0.797810263432249;0.297846890609086
2011-09-29;0.355708755684329;0.141105452894508
2011-09-30;1.91660159835164;0.027119795303616
2011-10-01;2.76245033676523;-0.560090587942642
2011-10-02;2.9376442368301;-0.140348035416552
2011-10-03;2.8112827885867;0.0458594944640532
2011-10-04;3.33617151060551;0.0970490715560386
2011-10-05;2.57471908512498;0.118805360398804
2011-10-06;2.76925401509465;-0.0782885020028702
2011-10-07;2.36587159564027;0.0940361889917097
2011-10-08;2.32752677894941;0.0679668312646559
2011-10-09;3.50100617826664;0.129713136138424
2011-10-10;2.18721315108492;-0.0255995154568934
2011-10-11;0.875325922347341;-0.138132800836241
2011-10-12;1.02203098087562;-0.0550249474493414
2011-10-13;0.459431338606475;0.29997040908403
2011-10-14;1.69983637506896;-0.0563582318671755
2011-10-15;0.334532729426173;0.160409676418686
2011-10-16;-1.4859137652962;-0.194979347451635
2011-10-17;0.444247968835946;0.014067841284235
2011-10-18;1.41258990866711;-0.0249631432205681
2011-10-19;0.0207055485360496;0.21487266294916
2011-10-20;-1.01962495304068;0.30946507468189
2011-10-21;-0.131425225129559;0.219998655644461
2011-10-22;-0.436596138125468;0.163699748036896
2011-10-23;-1.83241093477024;0.375091688891044
2011-10-24;-0.868776294782319;-0.0994510986997608
2011-10-25;-0.554083806849158;0.0417262406367937
2011-10-26;-1.58536500050188;-0.314196824130292
2011-10-27;0.12347106119552;0.195229383063838
2011-10-28;1.98413357517622;-0.124749279074515
2011-10-29;2.36262651612287;-0.289088611863225
2011-10-30;2.85723834323699;0.147806797635129
2011-10-31;2.47027508383406;0.424169440139254
2011-11-01;2.32884667358438;0.0460301452464753
2011-11-02;1.57800803177672;0.141647416978424
2011-11-03;3.1737983311407;-0.229814113483682
2011-11-04;1.18374639359235;-0.202466103649147
2011-11-05;0.669604942345816;0.350016839179522
2011-11-06;-0.00213443923142564;-0.296058540721374
2011-11-07;0.111496220745296;-0.635382300795731
2011-11-08;-0.837167483269458;0.383540730555068
2011-11-09;-0.588880930123359;-0.20167044659827
2011-11-10;-2.04468194203949;0.113981578517567
2011-11-11;-1.59267495933179;-0.0637597253424276
2011-11-12;-0.15955116789041;0.245090701467831
2011-11-13;0.798815026518885;-0.104003107923135
2011-11-14;-0.596018894544285;0.132843332508881
2011-11-15;-0.871679965365992;0.364889222162547
2011-11-16;-1.38235389257668;0.407372560307117
2011-11-17;-1.42850605544326;0.235029304094496
2011-11-18;-0.527083237092823;0.334048476796582
2011-11-19;-2.0861714799375;-0.00791239460279494
2011-11-20;-1.34515923090315;0.0940931855283924
2011-11-21;-0.806160996280324;-0.32714200028814
2011-11-22;0.00861515989308254;-0.0961970691131867
2011-11-23;-1.69312115885646;-0.0564569181515118
2011-11-24;-0.662724318688421;-0.137063530666813
2011-11-25;-1.07407780349119;-0.101783040404164
2011-11-26;-0.695969433208846;-0.066630918421691
2011-11-27;-1.75284785691456;-0.352646894073173
2011-11-28;-2.38284977074436;-0.0548474776611346
2011-11-29;-1.86152690316197;0.494868785349714
2011-11-30;-0.699270189202772;-0.270433775542712
2011-12-01;-1.16044418596837;-0.489993342926492
2011-12-02;-1.92992974190186;0.281764168720348
2011-12-03;-0.949660549871376;0.0732524908459123
2011-12-04;0.0175329194079589;0.140014452824089
2011-12-05;0.629074358751685;0.493862782299981
2011-12-06;-0.703325308769817;0.326859696404159
2011-12-07;-0.694833090379655;0.539689459882337
2011-12-08;-1.56033956420399;0.66780804352043
2011-12-09;-0.850485105225277;0.475336167043752
2011-12-10;0.718365481054282;-0.325665930082376
2011-12-11;0.660760185022938;-0.0353505633057914
2011-12-12;-0.204007593816022;0.279974817327658
2011-12-13;1.39784186305957;0.442267747923546
2011-12-14;-0.0113394211994218;0.712861749337855
2011-12-15;1.03535290023783;-0.0722585863239057
2011-12-16;1.79615502197557;-0.0969154847281719
2011-12-17;1.33650373424389;0.0566302516356594
2011-12-18;0.0141116988334841;-0.219180373449747
2011-12-19;-0.287992517777534;-0.166120589752708
2011-12-20;-1.72759712418881;0.039056078595127
2011-12-21;-1.57191487155506;0.0446515535093317
2011-12-22;-1.04635330307801;0.43241334693121
2011-12-23;-0.0624877701119774;-0.145090626597735
2011-12-24;0.900047067972206;0.0335160034276199
2011-12-25;0.561016158019061;0.0678761296245265
2011-12-26;-1.23870362714363;0.309074795387313
2011-12-27;-0.96290851008994;0.0402009075288874
2011-12-28;-0.310312207759337;-0.223934525547403
2011-12-29;-2.08069334520293;-0.197297885657481
2011-12-30;-0.664293091239006;-0.243023107527457
2011-12-31;-0.723220856796098;-0.0972951163281195
2012-01-01;-1.0588852299499;-0.00594119861283166
2012-01-02;-1.07202722112446;0.371149306706711
2012-01-03;-1.83114377298961;-0.0479313418162325
2012-01-04;-1.79391472047555;0.191134220706612
2012-01-05;-0.215129317361939;0.440886852493557
2012-01-06;0.836946658202003;-0.240909459664703
2012-01-07;0.803354456646266;-0.129961816298572
2012-01-08;1.6106922777018;-0.121055742011329
2012-01-09;0.382697788030997;-0.565391792668647
2012-01-10;0.547726280938487;-0.071795051512551
2012-01-11;0.332350337481748;-0.0915166875244358
2012-01-12;0.265187140365323;-0.0603541433789073
2012-01-13;0.0669981850578063;-0.184547266569846
2012-01-14;0.301563815959092;-0.477625534480825
2012-01-15;0.802258221832339;-0.120657067370971
2012-01-16;0.282615353211412;-0.200139693924255
2012-01-17;-0.745304668481347;0.352956171535917
2012-01-18;-0.65329097789192;-0.00501397995027458
2012-01-19;-0.146919890412711;-0.756126665109003
2012-01-20;-1.75390256886162;0.833164157513617
2012-01-21;0.434633361376659;-1.22732963897436
2012-01-22;-1.27621638064325;-0.429036452050375
2012-01-23;-0.593082165560053;-0.135345939843451
2012-01-24;-0.106578968852867;-0.395564150305503
2012-01-25;-0.597626087557284;0.897956667782706
2012-01-26;-1.74181727504053;0.975911824927922
2012-01-27;-2.19511753274535;0.10717003021696
2012-01-28;-1.5281416537353;-0.351047918806216
2012-01-29;-0.737155105574278;0.857169210491836
2012-01-30;-1.14208875499212;-0.184276779015836
2012-01-31;-1.28835525975438;-0.131456893014281
2012-02-01;-0.275951874986585;-0.227953966010054
2012-02-02;-0.974912241130999;0.254205165233203
2012-02-03;-2.23441819615049;-0.321342935976098
2012-02-04;-3.13663015809695;0.1459149680463
2012-02-05;-3.65047957045083;0.0371421506117457
2012-02-06;-2.55495969680529;0.44571772537808
2012-02-07;-4.32193463799225;-0.0517934248247006
2012-02-08;-1.18473321680337;-0.219783953377971
2012-02-09;-3.12344542402606;-0.412562855987243
2012-02-10;-0.399903005231858;0.187595514351153
2012-02-11;-1.73839518205873;-0.301719689916908
2012-02-12;-0.901166839697723;-0.392497813976895
2012-02-13;-0.871878927151171;0.0537710936190757
2012-02-14;0.456814869468387;0.490256178495741
2012-02-15;0.0663895954008063;0.348699736835306
2012-02-16;1.3867324258189;0.300670609768738
2012-02-17;0.532934031714005;0.393642915941357
2012-02-18;1.13484047971062;-0.593536555791835
2012-02-19;-1.29583370728583;0.262657233206827
2012-02-20;-1.28503967354425;0.618580949252488
2012-02-21;-1.71048237234737;-0.452034953337265
2012-02-22;-0.697737682692224;0.295979302729037
2012-02-23;0.352522872423129;-0.735893342905869
2012-02-24;0.22612466970961;0.400066719803358
2012-02-25;0.644986516327095;0.326419953736786
2012-02-26;1.20646163493316;0.414165140046106
2012-02-27;1.85874286972363;-0.0869590692502545
2012-02-28;1.62319421440951;0.684601596200812
2012-02-29;1.15977488927886;0.624592277464993
2012-03-01;0.721840772586845;0.323081678237539
2012-03-02;0.579857106300972;0.271283854523182
2012-03-03;-1.41428870540497;0.0250558182927449
2012-03-04;1.92032389836042;-0.735774270756319
2012-03-05;1.26776755465877;0.275728380207506
2012-03-06;-0.671384345922101;0.200944899569194
2012-03-07;0.705693867005551;-0.308398350985047
2012-03-08;-1.45087193891972;0.150474749886132
2012-03-09;-1.54957831985548;-0.423982695416046
2012-03-10;-0.618962944803636;0.383395536372533
2012-03-11;1.03962968970779;-0.259345620046184
2012-03-12;2.27198102712039;-0.272520177741864
2012-03-13;1.42215310306719;0.0426897425701344
2012-03-14;2.11489816838384;0.185201155339845
2012-03-15;0.796930227146542;0.14918625117204
2012-03-16;2.21295524153523;0.179047493029432
2012-03-17;-0.492339594365604;-0.168240728711664
2012-03-18;1.80201536538758;0.332422747255929
2012-03-19;1.29472651334868;-0.105996426734707
2012-03-20;1.22263408448394;-0.521771722134993
2012-03-21;-0.903286267343949;-0.0680346921208816
2012-03-22;-0.722172016398806;-0.0911822881500478
2012-03-23;-0.667244586253212;-0.145243940639002
2012-03-24;0.254524988548298;0.163974983985879
2012-03-25;-0.426827835357068;0.386098470493861
2012-03-26;0.318916317777674;-0.382831549259179
2012-03-27;1.62649405229781;-0.14145335784058
2012-03-28;1.35132652629111;-0.180494942820163
2012-03-29;2.04088258111729;-0.00135024379150029
2012-03-30;1.33775215071752;0.583850155894519
2012-03-31;0.762865022943505;0.211764554266546
2012-04-01;1.85852369003823;0.00616770933847414
2012-04-02;1.16836187092293;-0.205352652593251
2012-04-03;0.143890862172105;0.294331559922746
2012-04-04;2.43033186395627;0.180867776812577
2012-04-05;1.03013283808901;0.00540142823130009
2012-04-06;0.820266037485547;0.0106224589721048
2012-04-07;0.99724554480117;0.116817092713872
2012-04-08;0.987548684964299;-0.0421496224036575
2012-04-09;1.21059594464816;-0.225929140764598
2012-04-10;0.495618048645362;0.0881257232129233
2012-04-11;0.999871606576783;-0.296649313058312
2012-04-12;0.734509015588335;0.160943898141736
2012-04-13;-0.149329829527458;-0.26494533121279
2012-04-14;1.35764983463184;-0.212358334267986
2012-04-15;-1.9201643998019;-0.0528174223784553
2012-04-16;-0.638953952000411;-0.17547722361547
2012-04-17;-1.23061744537577;-0.0422915644306254
2012-04-18;0.867217061247969;-0.1836665443998
2012-04-19;0.977525905962539;0.0639722494986826
2012-04-20;1.26291761513198;-0.0352218434644493
2012-04-21;1.92950298423033;0.176141435051501
2012-04-22;2.08421474530239;-0.116548263144352
2012-04-23;1.03516761477646;0.0863468328765953
2012-04-24;0.083937088285911;0.26954732453582
2012-04-25;0.864404242178647;0.413607622878685
2012-04-26;0.60000159060979;-0.139193724397081
2012-04-27;-0.362615772530203;-0.245405607494844
2012-04-28;-0.49389105011284;0.200475263432732
2012-04-29;-1.36981856410116;-0.155610092100229
2012-04-30;-0.331223879314974;-0.108921036204812
2012-05-01;-0.250438998363177;-0.244469190803028
2012-05-02;-1.64848070107499;0.010079381330468
2012-05-03;0.242457536843828;0.464944681094378
2012-05-04;-0.180963253598357;-0.331128234742794
2012-05-05;0.103193065905719;0.108031079500961
2012-05-06;-0.395669897629881;-0.0435000566530783
2012-05-07;-0.11053656933067;0.000686078939543304
2012-05-08;-0.0523140469623405;0.151461140755243
2012-05-09;-0.0488107406184955;0.0924469940820524
2012-05-10;-0.693911749473687;0.0333236878393148
2012-05-11;-2.38187873972482;0.240354651179517
2012-05-12;-0.299482261565354;0.068039606027973
2012-05-13;-0.17898547387682;0.247626899014325
2012-05-14;-0.927184126759326;0.0405072243987279
2012-05-15;-0.227885062604349;0.0218731387914176
2012-05-16;-1.6434144338187;0.0347677479899453
2012-05-17;-0.416051338694804;0.239311005306286
2012-05-18;-2.03866810845296;0.028008653783161
2012-05-19;-0.465542267451127;-0.154896390361992
2012-05-20;-0.764266657531821;-0.0368278932529192
2012-05-21;0.140697339036691;0.37948778499954
2012-05-22;-0.0548458232000418;0.244283430416169
2012-05-23;-0.144068160981706;0.00973459733312967
2012-05-24;-1.24162699289531;-0.301361153168582
2012-05-25;-2.77874583338395;-0.377989480944423
2012-05-26;-2.11301336730418;0.172712715626293
2012-05-27;-1.44318968910372;0.219467679788226
2012-05-28;-1.11895853712421;0.186010131236067
2012-05-29;-0.0283668223561157;0.508165967144933
2012-05-30;-1.02375789724998;-0.00303302250728649
2012-05-31;-0.348301802000502;0.0568952453753765
2012-06-01;-1.88692207674761;0.235000200217809
2012-06-02;0.710950261638469;-0.159869198031036
2012-06-03;-0.980710402487354;-0.438682530832082
2012-06-04;-2.47477066647534;0.303268092660724
2012-06-05;-1.65933090004194;-0.407095664758115
2012-06-06;-0.0885613358203276;-0.0326930601465284
2012-06-07;-0.933937516642465;0.747673048488926
2012-06-08;0.274167841973559;0.0870336317317154
2012-06-09;2.43636995937165;0.0573988965144762
2012-06-10;0.499837918356723;0.653464763108634
2012-06-11;-0.783313474840822;-0.0208959015583439
2012-06-12;-0.425600830312261;-0.0365866610520951
2012-06-13;0.959498091861794;0.214340091760896
2012-06-14;0.212587963451681;0.475890994908097
2012-06-15;1.02331236563839;-0.39489654832594
2012-06-16;3.30255367528865;-0.236557930998864
2012-06-17;3.99722651431387;0.29841224000679
2012-06-18;4.26203917113597;-0.0134621056405414
2012-06-19;2.06613414405548;0.10554761384017
2012-06-20;1.78070716199675;0.375543347390129
2012-06-21;1.76748387429412;0.151577238512005
2012-06-22;-0.188348420038825;0.334325265756525
2012-06-23;1.04714386708243;0.516429137968808
2012-06-24;0.651650985942058;0.373025521868609
2012-06-25;1.93034697666443;-0.00322021221089359
2012-06-26;0.823086350490404;0.0502590862074431
2012-06-27;1.48618164445868;0.201904104849117
2012-06-28;1.40672664082136;0.236563155414373
2012-06-29;3.32601338625719;-0.0369883849811875
2012-06-30;2.66571294530375;0.21339338978075
2012-07-01;2.20215890771551;0.304093074176287
2012-07-02;1.31226628959755;0.360970987141308
2012-07-03;0.949944142450625;-0.337464643163711
2012-07-04;0.480887976939357;-0.401338927678968
2012-07-05;-0.601893573179556;0.410987180863406
2012-07-06;-0.400246012476332;0.595530721435109
2012-07-07;-0.593379051196599;0.997200086417883
2012-07-08;0.291554075123118;0.384677093218691
2012-07-09;0.206193145388975;0.0873461432658622
2012-07-10;0.0571954195568735;0.130624180851709
2012-07-11;-0.047202526063123;-0.105739738767484
2012-07-12;-0.154362802359394;0.514352083913066
2012-07-13;-2.23441082286794;-0.064143259328716
2012-07-14;-3.12675841666861;-0.20073418304068
2012-07-15;-1.56176841108649;-0.36920656678248
2012-07-16;-2.10859719748514;-0.523456920916487
2012-07-17;-0.368192707700002;-0.119506539418152
2012-07-18;-0.159913664092167;-0.0319077295171765
2012-07-19;0.391926887491625;-0.108725541745592
2012-07-20;-1.61039528568932;-0.0927267997832874
2012-07-21;-1.57982636092993;0.0625339384927066
2012-07-22;-1.06137502995345;-0.310907708193628
2012-07-23;-1.37826747240402;-0.245070655747497
2012-07-24;-0.585871325456222;-0.330915805557074
2012-07-25;-0.366627738369294;-0.206629320109185
2012-07-26;0.0280098287846622;0.4361027673476
2012-07-27;1.53867014668173;0.169877605232874
2012-07-28;2.0637738637663;0.243737569699623
2012-07-29;2.76280115556095;-0.152083173786072
2012-07-30;0.887006100904248;0.502026038045169
2012-07-31;0.609932873822436;-0.164651229936836
2012-08-01;1.07874306653193;-0.204847337941268
2012-08-02;0.512567382902577;0.0529744969110938
2012-08-03;-0.276206394895282;0.49770817913766
2012-08-04;-1.18686225189817;0.125496055667461
2012-08-05;-1.35854612023972;-0.796903776972703
2012-08-06;-0.431808752245293;-0.187406966123787
2012-08-07;-0.424277486329034;0.469580675570958
2012-08-08;0.558682669706223;0.243741615136632
2012-08-09;1.5289775764064;0.578752933343464
2012-08-10;2.066112450628;0.234385462358363
2012-08-11;2.27239801694292;0.34178730664209
2012-08-12;0.0268956571732073;0.16346467247317
2012-08-13;1.12320419241304;0.272267572008086
2012-08-14;0.77541080034998;0.0467756931842569
2012-08-15;0.443955600760501;-0.0180306549733783
2012-08-16;0.00666559121481178;0.278680918107995
2012-08-17;0.138896870127159;0.00941990910061311
2012-08-18;0.928246019294198;-0.0345912361375119
2012-08-19;1.78072894431677;0.294760547246708
2012-08-20;2.56251023874849;0.158694083480054
2012-08-21;3.66545156450717;-0.50481439588574
2012-08-22;4.13299040759517;-0.175045139074622
2012-08-23;2.78264695908351;0.00127898090457169
2012-08-24;2.68667880439154;-0.0909294683716702
2012-08-25;1.75558422368828;0.084455178108014
2012-08-26;1.79968279773976;0.323160180072072
2012-08-27;2.39196844846255;-0.44141647436492
2012-08-28;2.13320014219155;-0.207078452470646
2012-08-29;1.96116933302309;0.38964166831379
2012-08-30;1.54621842344251;-0.523362582355126
2012-08-31;0.822940629897629;-0.334754254074952
2012-09-01;0.60991583413209;0.0944652966820456
2012-09-02;0.504699023028411;0.0798349874837308
2012-09-03;0.750141587775043;-0.128379787441137
2012-09-04;0.463478856438725;0.0178500188756289
2012-09-05;0.02341059588621;-0.322395731988604
2012-09-06;1.1165697246049;0.280196448309546
2012-09-07;0.711183240024658;-0.136271625867858
2012-09-08;-0.173224323750735;0.185001998598969
2012-09-09;0.0417841027693636;0.520947269248099
2012-09-10;-0.5921314470208;-0.186163569539857
2012-09-11;-0.53947714908953;-0.0074546467057131
2012-09-12;-0.631223361657811;-0.371301243269144
2012-09-13;0.942166811284986;0.0459505477187069
2012-09-14;1.88855523053281;0.098749225226866
2012-09-15;-0.976299864194959;-0.338502547270699
2012-09-16;-0.486262726978698;0.390857820654894
2012-09-17;-0.606216504501377;-0.133356538451951
2012-09-18;1.40925535100453;-0.0593902126668974
2012-09-19;0.567246124905222;-0.00808066761842512
2012-09-20;0.139787300745683;-0.261507372543291
2012-09-21;-1.14685638404377;-0.3681743080835
2012-09-22;-1.20405591891868;-0.421144462380522
2012-09-23;-1.14413797725721;0.37374840438622
2012-09-24;-0.111404786818033;-0.241601791487309
2012-09-25;-1.00303045586165;-0.0469184712748313
2012-09-26;-1.32505895052148;0.0909759703315601
2012-09-27;-0.0528156875893455;0.0375013807216566
2012-09-28;-1.28970343295408;0.28406352913584
2012-09-29;-0.435476237879378;0.0675068663113387
2012-09-30;-0.541993966407662;-0.253896798950944
2012-10-01;-0.111053284849533;0.283030666422813
2012-10-02;0.417921706829185;0.102046051537758
2012-10-03;-1.42229173185251;-0.106315807662021
2012-10-04;0.470887347610504;-0.250910214025083
2012-10-05;1.19602768035028;0.370828160685804
2012-10-06;0.581849846097679;0.577023263799952
2012-10-07;1.12549893019114;0.0951309479311485
2012-10-08;1.97456604190602;0.0714416226358607
2012-10-09;1.97845364984462;0.057523424882795
2012-10-10;2.99696711496888;0.564200212731865
2012-10-11;1.93174824993264;-0.103896768455115
2012-10-12;1.30530223111387;-0.039261694609371
2012-10-13;0.494676582787843;-0.403887966383189
2012-10-14;0.592523276284202;0.405202198678766
2012-10-15;-0.107265360149099;0.414492732240879
2012-10-16;1.76172239382712;-0.016809848100439
2012-10-17;1.03665761189056;0.45837320691456
2012-10-18;1.30011786493655;0.324097274227424
2012-10-19;1.01840757976747;-0.00298847112837401
2012-10-20;0.566749123514908;-0.145804061392241
2012-10-21;-1.69342257039305;0.161685969101927
2012-10-22;-0.908496719068244;-0.137646611755906
2012-10-23;-0.905248360653137;0.172440424759851
2012-10-24;-1.12560966689168;0.57342199475968
2012-10-25;-1.88907558737468;0.691333488394437
2012-10-26;-0.305656913355265;0.242407164131683
2012-10-27;-0.741394735206511;-0.369455764955603
2012-10-28;-0.0823936604517859;-0.252312371633694
2012-10-29;0.136867831053405;0.129017575628705
2012-10-30;-0.693672347848694;-0.287244766910003
2012-10-31;-0.803207670643278;-0.515863921600224
2012-11-01;-2.62444191359458;0.218217729469792
2012-11-02;-2.19321725653485;0.434376142591332
2012-11-03;-0.718378053701734;0.175129894884445
2012-11-04;-0.716431268166895;0.178310172278615
2012-11-05;-0.966387393422027;0.608912299276461
2012-11-06;0.309094175408848;0.544756629434509
2012-11-07;-2.69347100727223;0.737117290015437
2012-11-08;-1.64084583606863;0.460171284009255
2012-11-09;-1.13842297851654;-0.092315542789253
2012-11-10;-2.19747438635138;1.15486805676068
2012-11-11;-4.09675270403481;0.170360998363709
2012-11-12;-1.20571824004672;0.2075611672833
2012-11-13;-0.39065959545417;0.124711979932062
2012-11-14;-1.20946657448031;0.567333679742628
2012-11-15;-0.147322530904355;0.112631136155079
2012-11-16;-0.939176018213087;0.10197228254649
2012-11-17;1.08992411959318;-0.198471914010006
2012-11-18;0.391236133128866;-0.0306511666007867
2012-11-19;0.8457417695392;-0.164100282652501
2012-11-20;0.991746701729189;-0.26567911646266
2012-11-21;1.70531502486331;-0.0406393124880686
2012-11-22;0.399145385307921;0.0733487704684516
2012-11-23;0.926576623585832;0.133790223569569
2012-11-24;0.0170211100838856;-0.118619628858449
2012-11-25;-0.539712069888326;0.0225429030132204
2012-11-26;-1.43724243786244;0.346801471430997
2012-11-27;-0.308450240205811;0.427855331791033
2012-11-28;-1.06705125415473;0.434212194084736
2012-11-29;-0.850055624726574;0.10248883197556
2012-11-30;-1.02432648616684;0.091818321312246
2012-12-01;-1.56336065304079;0.0226673194613533
2012-12-02;-2.42657264925653;0.00972308319123621
2012-12-03;-1.37008799810686;0.295253308767378
2012-12-04;-0.429503905908693;0.266851126330895
2012-12-05;-0.463577468978325;0.501107194645594
2012-12-06;-0.784577896621238;0.371923760016232
2012-12-07;-1.51943130124168;0.487561196828855
2012-12-08;0.50509930030296;-0.260682826370497
2012-12-09;-0.185737328801896;-0.126663894174306
2012-12-10;1.26322589047695;0.0576358796428217
2012-12-11;0.0286777032747513;0.0137713003659527
2012-12-12;1.87982140132306;-0.0734059705014602
2012-12-13;2.79123670323435;0.0205549939348362
2012-12-14;1.84831765289967;0.267609605515164
2012-12-15;0.393954038110958;0.599093139671936
2012-12-16;0.316604387821774;0.428956194609721
2012-12-17;0.317623547227826;0.263854365472512
2012-12-18;0.0621104207891908;-0.207219399759209
2012-12-19;-0.175633598029879;-0.215722824695937
2012-12-20;1.05486164652028;-0.17734029589255
2012-12-21;0.995393393963537;0.176508096574098
2012-12-22;1.02735009871358;-0.0421129926046261
2012-12-23;1.72524134807899;0.0866142341123347
2012-12-24;2.24005392720188;-0.147768853038187
2012-12-25;1.89439699494023;-0.0426599909501191
2012-12-26;0.307295751990388;-0.0840849263983
2012-12-27;0.604281865424124;0.204746447052465
2012-12-28;-0.445165591084144;-0.136945692367231
2012-12-29;-1.9168582019264;0.0938343583660562
2012-12-30;0.38810220910631;0.0197999365057497
2012-12-31;0.107998389497924;0.182075501756609
2013-01-01;1.76244198162632;0.439042261359736
2013-01-02;3.47877998448704;0.0976522027859405
2013-01-03;0.601631469635777;-0.123740931309009
2013-01-04;1.43660174728198;0.475909180995756
2013-01-05;0.964533961333842;-0.350284211671752
2013-01-06;0.323951388689513;0.244053162257537
2013-01-07;1.80549028590866;-0.204275832933953
2013-01-08;1.97961247191619;0.276753958680354
2013-01-09;1.69624652540386;0.317101832426935
2013-01-10;0.218010565279761;0.263755512447537
2013-01-11;1.24028030862605;0.307807108473418
2013-01-12;1.79683320076883;-0.231939721597503
2013-01-13;1.71985310570274;-0.202417345335691
2013-01-14;1.0997598086372;0.0285736619696074
2013-01-15;-0.763014196336653;-0.0455736829553643
2013-01-16;-0.806305842543848;-0.0702233614406476
2013-01-17;-1.19134471858673;0.175669543701928
2013-01-18;1.30730022273762;-0.187989586890837
2013-01-19;1.85773129206821;0.000356563644235558
2013-01-20;1.03844290206904;0.0387918499492894
2013-01-21;0.864999772228527;0.00603004128895895
2013-01-22;2.47083644226478;0.0452486020709345
2013-01-23;0.482510622577948;0.29432532788875
2013-01-24;0.273622711388904;0.000501659700783433
2013-01-25;0.0691844103954623;-0.166472873825072
2013-01-26;0.687339636566761;0.297293806446313
2013-01-27;0.251934955245564;-0.319286136332724
2013-01-28;0.219936188624729;-0.283108459429043
2013-01-29;-0.189294184856735;0.37446640639968
2013-01-30;1.43977994614213;-0.0423045150360689
2013-01-31;0.904323577889009;0.442526040824096
2013-02-01;-1.10601256816929;0.0488217108621214
2013-02-02;-1.31994892954877;0.0853732011039291
2013-02-03;-2.07284105084967;0.295148284632366
2013-02-04;-1.38639675350256;0.135781493514574
2013-02-05;0.180153229761984;0.327388994486863
2013-02-06;-1.03978842066212;0.0465824515455825
2013-02-07;-0.162461643630468;0.288069654354139
2013-02-08;0.0674339210893987;-0.184602103566811
2013-02-09;-1.26458672046994;0.170990934564876
2013-02-10;-1.47071460043037;0.402284613756937
2013-02-11;-0.27588030280657;0.167772706921581
2013-02-12;-0.305608498968902;0.220408322356639
2013-02-13;-0.797290065283271;-0.0816218992360792
2013-02-14;-1.16490973911847;-0.759298554506545
2013-02-15;-1.35961257304232;-0.120752855009685
2013-02-16;-1.27108478589177;0.336293771701913
2013-02-17;-0.987112469386388;0.010826071055635
2013-02-18;-0.515304744059875;0.254790382703281
2013-02-19;-0.637646860981835;-0.106935361233083
2013-02-20;0.401466721864671;-0.0966225282480972
2013-02-21;1.08979716269705;-0.165780520954349
2013-02-22;-0.347989043051247;-0.18452956023718
2013-02-23;-1.14414030033904;-0.370210224110767
2013-02-24;-0.869654042561512;-0.141760496016378
2013-02-25;1.70300861774715;-0.714625982193504
2013-02-26;0.895806826409681;-0.464713409619155
2013-02-27;1.78020677910329;-0.584406140779284
2013-02-28;1.89324944865228;-0.242375201561631
2013-03-01;-0.404593599235242;0.195460502992181
2013-03-02;-0.485613221721032;-0.0205791969602275
2013-03-03;-0.601936584246964;-0.138810449920721
2013-03-04;1.79814182119371;0.247218775491857
2013-03-05;0.963466710309067;-0.041526769679707
2013-03-06;1.09302997922323;0.613303668673929
2013-03-07;0.857938824349056;-0.757626821820971
2013-03-08;0.602228509461005;0.345406296927003
2013-03-09;-0.774932487370903;0.425475041444258
2013-03-10;0.503441776286294;-0.089754456239058
2013-03-11;-0.116894781925972;0.0939304259721576
2013-03-12;-1.01500632164448;-0.117094999222423
2013-03-13;-1.16470739114142;0.277359748469429
2013-03-14;-0.0460021579408132;0.462000352277277
2013-03-15;0.149783656952577;0.431547536061742
2013-03-16;-0.321379218440352;0.266305447757665
2013-03-17;-0.60564609982687;0.612994774797267
2013-03-18;-0.76187039671976;0.373203223135456
2013-03-19;-0.385839344964963;-0.0710262062220965
2013-03-20;-1.00266124358757;0.693372354307285
2013-03-21;0.511530634990098;0.035786444885153
2013-03-22;0.114647316904669;0.0398241647617641
2013-03-23;0.295734367424057;0.199847681752895
2013-03-24;-0.840690289732395;-0.323601647313059
2013-03-25;0.503844647565136;-0.163606610564625
2013-03-26;-0.557117676673495;-0.0964437268662364
2013-03-27;0.823616889692908;-0.164161013215933
2013-03-28;0.464165994525301;0.106752851914239
2013-03-29;-0.739891439376852;0.236530919153711
2013-03-30;-1.04445373683026;0.302437075568609
2013-03-31;-2.90551367884465;0.402959874908381
2013-04-01;-2.80474957581542;-0.00581082372459037
2013-04-02;-1.07881006277668;0.183285585656478
2013-04-03;-1.71444248974172;-0.102557198064188
2013-04-04;-0.928169600907995;-0.228874687194961
2013-04-05;-0.344465710034922;-0.259518718492439
2013-04-06;-1.16389423533797;0.486629159447447
2013-04-07;-0.86618710305675;0.145911630349618
2013-04-08;-1.60815794536512;-0.145686227433738
2013-04-09;-1.015980273615;-0.0795987740117256
2013-04-10;-0.937392066723151;0.243654351520496
2013-04-11;0.48472974834919;0.225525435738957
2013-04-12;0.905805415163509;0.31910364931037
2013-04-13;0.0277692632438661;-0.292768630733538
2013-04-14;1.03455553932979;0.534757038432249
2013-04-15;0.922315360064027;0.424260838540796
2013-04-16;0.860697099490196;0.264981377520809
2013-04-17;0.313001384216118;-0.322511522408724
2013-04-18;-0.268764435292482;-0.204467601106174
2013-04-19;-1.34064593510554;-0.213446137220548
2013-04-20;-1.15892623839622;0.083670354251118
2013-04-21;-0.286876310122998;0.0982875222426944
2013-04-22;0.763704017241932;0.473343098803696
2013-04-23;-1.25486399101038;0.438840803850643
2013-04-24;-0.476966725306314;-0.406968343511074
2013-04-25;0.195004521401242;-0.157301240053236
2013-04-26;0.18821751958923;0.728058710605515
2013-04-27;-0.331195365864482;-0.275926325990457
2013-04-28;0.558627245840517;0.139084961692216
2013-04-29;-0.522040221420106;0.307189063209455
2013-04-30;-0.14250580068721;0.210270128516232
2013-05-01;-0.415179748489111;0.569322748827571
2013-05-02;-0.292994062815681;0.321109449286129
2013-05-03;0.936963903692951;0.16304550466423
2013-05-04;-0.734463349236436;-0.24771486785957
2013-05-05;-0.962038285488936;0.105470807499887
2013-05-06;-1.47941212486115;0.132257843790809
2013-05-07;-0.725948168249669;-0.0969114289026506
2013-05-08;-0.807873804797739;-0.287621516739072
2013-05-09;0.621694461531388;-0.122992764708116
2013-05-10;1.8474466576119;0.411260630014599
2013-05-11;1.11357372107782;0.209566635733387
2013-05-12;1.33865268537632;0.236675123556977
2013-05-13;1.04902185088424;-0.0833924476236218
2013-05-14;0.613996934718446;-0.0189126912575808
2013-05-15;-0.94299173337222;0.119946966995261
2013-05-16;-0.698206035107759;0.188907181571935
2013-05-17;1.77217666812897;-0.126349275358567
2013-05-18;0.20312141290681;0.0243557754477538
2013-05-19;0.889536973675995;-0.210697896719707
2013-05-20;0.993109153774071;0.423120515226811
2013-05-21;-0.311311414800674;0.554459812544101
2013-05-22;-0.167875436151367;0.0355324485000342
2013-05-23;0.203278920604798;0.100942692331532
2013-05-24;0.758685250795661;0.144924636130206
2013-05-25;1.03282385802647;-0.238491248417821
2013-05-26;1.32037948473146;-0.0342839246492435
2013-05-27;-0.909588377553425;0.101184543507191
2013-05-28;0.700887502600527;-0.142628751331239
2013-05-29;0.218710450065322;0.118494274848199
2013-05-30;-0.0163887548642461;0.113385905227885
2013-05-31;0.558401691255786;0.267199185358493
2013-06-01;0.262940689548632;0.508581253675696
2013-06-02;-2.54331884609557;0.266017257005693
2013-06-03;-1.16012753043413;-0.0237296082484146
2013-06-04;-1.72822978631154;0.351883365995235
2013-06-05;0.390693593172764;0.245527133859123
2013-06-06;0.0771397883502383;-0.286184079520474
2013-06-07;1.53493017929613;-0.125150901446011
2013-06-08;0.582311226481779;0.117807424619279
2013-06-09;2.75113439741362;-0.21453362057115
2013-06-10;1.5984317813548;0.0123703924645569
2013-06-11;1.90067771759225;0.425313960618778
2013-06-12;1.89834055379476;0.13330131130359
2013-06-13;1.77703237323976;-0.284634085225199
2013-06-14;2.1166360310449;-0.451896296953022
2013-06-15;1.40648896370894;-0.0732774649925365
2013-06-16;0.150384343867201;-0.368173884553331
2013-06-17;1.12833617547392;-0.530457970891345
2013-06-18;-0.606814202255334;0.383861266715058
2013-06-19;-1.48865760556079;-0.0782655283776416
2013-06-20;-1.3673022834952;0.243237307658113
2013-06-21;-0.529098596133133;-0.0995776988274807
2013-06-22;-0.035116157845957;0.352623224445687
2013-06-23;0.65681243427885;-0.00429458862604892
2013-06-24;0.453934130673471;-0.117655256239355
2013-06-25;0.633795549332846;0.173853205080201
2013-06-26;-0.69700563799248;-0.125942064857619
2013-06-27;-0.321208542307574;0.0553492978281168
2013-06-28;-1.47061361993915;-0.0877446330535993
2013-06-29;0.307974181795361;-0.355080344630242
2013-06-30;0.404310080647461;-0.388999922948408
2013-07-01;-0.300850720599666;-0.0684448365623578
2013-07-02;0.206203237005292;0.0473956370846769
2013-07-03;2.28900296148374;-0.130111826237811
2013-07-04;-0.452011074365068;-0.537827165978649
2013-07-05;0.808721219597671;-0.019525864502166
2013-07-06;0.279181030010898;0.299990382298434
2013-07-07;-1.3203613756653;0.550501933981462
2013-07-08;-0.437250441987869;-0.452168286662264
2013-07-09;-0.110006647759147;-0.0254286354071993
2013-07-10;-0.946305445808999;-0.25945561584297
2013-07-11;-0.215494437071011;-0.098833928458622
2013-07-12;-2.694037288613;-0.674731363026058
2013-07-13;-1.87916584533133;0.165125590865158
2013-07-14;-2.13850097215713;0.174397965803484
2013-07-15;-3.15851788733458;0.609342766122015
2013-07-16;-2.10234145936071;-0.175168857530027
2013-07-17;-2.17446636167363;0.316176505838019
2013-07-18;-1.91049610715683;0.0638552098143108
2013-07-19;-0.625289937410967;0.652549485750137
2013-07-20;-0.655615556561361;0.128636180914255
2013-07-21;-1.07772911218045;0.718058387906563
2013-07-22;1.32410890672046;0.244843871250712
2013-07-23;1.02067863253523;0.263443559048855
2013-07-24;1.0701735545942;-0.0844712885536003
2013-07-25;0.815315397606178;-0.0429815257535322
2013-07-26;1.39757839877928;0.312465795807031
2013-07-27;-0.045842666375602;-0.174980105125804
2013-07-28;0.882870526923489;-0.0312687950932296
2013-07-29;0.978399859533912;0.314139737861004
2013-07-30;1.28070138299054;0.195855469698407
2013-07-31;0.16799804938062;0.253882976778315
2013-08-01;1.2154714927869;0.442566697183809
2013-08-02;0.204639383266939;0.0203554399254702
2013-08-03;0.587465106804554;0.308013837285454
2013-08-04;0.62855167658056;0.287108519248127
2013-08-05;-0.0175492656676463;-0.00808772867541487
2013-08-06;-0.360110612018623;0.549189916816652
2013-08-07;-0.892293258277486;-0.227742307361973
2013-08-08;-0.481298564213524;-0.34984925852118
2013-08-09;-0.342775471540866;-0.529375451414188
2013-08-10;0.133768602394797;-0.192428516127674
2013-08-11;0.69701657307066;-0.35726580782627
2013-08-12;-1.23521563908852;0.151747420559455
2013-08-13;0.732887778789199;-0.169163847348283
2013-08-14;0.837238122050152;0.202480826370209
2013-08-15;0.416272417576345;-0.0911204589289347
2013-08-16;0.975861535691007;0.110123938326626
2013-08-17;1.65299727197915;0.172368880387809
2013-08-18;1.75347887691266;0.278366209222302
2013-08-19;1.62223859756879;-0.401731329867937
2013-08-20;0.95828620923769;0.384187893422579
2013-08-21;0.600394444062196;0.31634942739919
2013-08-22;1.00870944571542;-0.292207835003218
2013-08-23;0.902710434893724;-0.265762572479652
2013-08-24;-0.229686987283187;-0.123324169582909
2013-08-25;1.0351725735517;-0.138515120810089
2013-08-26;2.71869272559807;0.405078869701211
2013-08-27;1.52634076313104;-0.0468284818917
2013-08-28;0.335734314233978;-0.311167430314269
2013-08-29;1.01804370699843;-0.0989143627280369
2013-08-30;0.525708499874715;0.253760912470727
2013-08-31;1.5187276405179;0.0791206790435139
2013-09-01;1.30340192689749;-0.501586130859341
2013-09-02;1.6035078390237;-0.0595073098021138
2013-09-03;1.68308233261778;-0.271375658519945
2013-09-04;1.61110658636388;0.433197636814248
2013-09-05;1.21389431958422;-0.0272779862250829
2013-09-06;1.43507619119252;-0.203059936832511
2013-09-07;0.502100263701621;-0.522215806389599
2013-09-08;-0.0179994165138103;-0.183264198773695
2013-09-09;-0.6232305025029;0.720197615049504
2013-09-10;-1.55072117642777;1.23897368563055
2013-09-11;-0.670934354239628;-0.226094657843995
2013-09-12;-1.29857323325478;-0.143804555476081
2013-09-13;-1.3247273225294;0.300621944461661
2013-09-14;-2.11888681173549;0.00456342583444304
2013-09-15;-1.27094055192405;0.0209630420528457
2013-09-16;-1.44030388394562;0.703465619986531
2013-09-17;-2.6753645109056;0.491709476623941
2013-09-18;-2.16811931229133;-0.0412756089136895
2013-09-19;-0.129345373524364;-0.123627950332451
2013-09-20;-2.07286029932827;-0.206727626135385
2013-09-21;-1.11552955158162;0.284214617297779
2013-09-22;-0.74127698016489;0.407927701958999
2013-09-23;-2.13296955533694;0.335568377396009
2013-09-24;-0.613358053184228;-0.129030706882874
2013-09-25;-2.27446353398925;0.162849311990792
2013-09-26;-1.59302301025802;0.118245776927492
2013-09-27;-0.577207183760454;-0.200603258181045
2013-09-28;-1.49453959621217;-0.0444808469062019
2013-09-29;-0.191723446687592;0.292007441824424
2013-09-30;-1.34787217140948;-0.258166337631339
2013-10-01;1.12373856234317;0.3857344074398
2013-10-02;1.83565871910151;0.493995930212836
2013-10-03;0.790672601222775;-0.107567763094804
2013-10-04;0.657618219647846;-0.0891246342989545
2013-10-05;1.33976269516643;0.062400674044036
2013-10-06;0.383150504810165;0.395281368081699
2013-10-07;1.54528535501954;0.10564168118428
2013-10-08;-1.07371889132791;0.0911005488981468
2013-10-09;1.1708966721991;0.0066711522848918
2013-10-10;-0.210513888490308;0.04734340043585
2013-10-11;1.95662772499347;0.0686632155501348
2013-10-12;1.37350156408715;0.168308348503716
2013-10-13;2.16467668556073;0.23148510269346
2013-10-14;1.20792165514006;-0.261161174401112
2013-10-15;-1.15750411982826;0.287515832616993
2013-10-16;0.353697368484324;0.370460013938222
2013-10-17;-1.25908994429639;0.234628795640082
2013-10-18;0.5322686765479;-0.0114501767675093
2013-10-19;-0.0717561365822813;0.0937391335129338
2013-10-20;-0.287058561048089;0.186310419144843
2013-10-21;-0.102060338426096;0.153226083429098
2013-10-22;-1.24752893113454;0.00520494272661469
2013-10-23;-0.489989599818493;0.184972062246269
2013-10-24;-0.541118977583233;0.24506782576963
2013-10-25;-2.07016244814093;0.530766592379647
2013-10-26;-1.56949181639765;0.0602975461119309
2013-10-27;-1.97619712939434;-0.179366275757964
2013-10-28;-1.69655661638074;0.054557271972791
2013-10-29;-2.74500772143701;-0.0514718305875183
2013-10-30;-4.23589939204179;0.0826897024854076
2013-10-31;-4.5160241131654;0.053383816450729
2013-11-01;-4.85968484459818;-0.37163144013318
2013-11-02;-3.88059880719456;0.193961246748563
2013-11-03;-0.933409343993107;0.0585208988153775
2013-11-04;-0.154045631345662;-0.0148060304522598
2013-11-05;-0.236302127962132;-0.265786450313605
2013-11-06;-0.080010235665241;0.177251922739974
2013-11-07;1.51098494944547;0.374459751470947
2013-11-08;2.07456879843434;0.250513431393021
2013-11-09;1.01261419962994;0.095357743557297
2013-11-10;0.449513420322411;0.33043285152035
2013-11-11;0.59300540861612;-0.127534981088984
2013-11-12;1.51876835118768;0.0111910612150391
2013-11-13;0.847319745857575;0.303874541670651
2013-11-14;0.34254138158068;-0.24542187370277
2013-11-15;0.273052628143852;0.0612613134088063
2013-11-16;0.664561262092738;-0.157024589441804
2013-11-17;0.515032025387381;0.194277952939569
2013-11-18;2.05623531566355;0.200021720556774
2013-11-19;0.841061587527973;0.445111889435611
2013-11-20;1.98873723022124;-0.129638333978723
2013-11-21;1.1332255845422;-0.308611784356073
2013-11-22;1.87301694824319;0.49254120081789
2013-11-23;0.627998961134812;-0.230430921827462
2013-11-24;0.00373396994036868;-0.120820605639979
2013-11-25;-0.985785971444496;-0.0572735413718908
2013-11-26;-0.555517118140805;-0.13814239671288
2013-11-27;-1.83424598532741;0.263372539881401
2013-11-28;-0.524303751463647;0.116654749489513
2013-11-29;-1.07397791923195;-0.0111409641686109
2013-11-30;-1.44733489879891;0.355884702777222
2013-12-01;-1.65069313928802;-0.040542092943828
2013-12-02;0.956559415892104;-0.370021431775893
2013-12-03;0.500131971813331;-0.159082938144669
2013-12-04;1.71692488741855;0.233522719946878
2013-12-05;1.67087334570672;0.298106249460852
2013-12-06;0.503316260914665;0.031722383528271
2013-12-07;0.127136063906662;0.0414052025778721
2013-12-08;-0.0287611923868381;0.265092930640597
2013-12-09;-0.409242810492353;0.0635325787986332
2013-12-10;-0.521451608511793;0.0139141380685176
2013-12-11;0.703552439287801;0.0951622066816525
2013-12-12;1.55921130597398;0.263311460228123
2013-12-13;1.52304906363928;0.216549136348097
2013-12-14;2.32327019755057;0.5673394499127
2013-12-15;0.736749877967475;0.012387423552286
2013-12-16;0.510512237959615;0.250422395353039
2013-12-17;0.216760591873455;0.272729738925296
2013-12-18;-0.747701545719078;-0.0162327372241703
2013-12-19;0.0461699295336798;0.0562938678455035
2013-12-20;-1.35083018450773;0.46993900383192
2013-12-21;-1.02493866865266;0.0651313722237098
2013-12-22;-1.10649115817216;0.357658254877207
2013-12-23;-1.6529903921809;0.100385355074731
2013-12-24;-1.15328754390104;-0.172168643623684
2013-12-25;-0.218165210614481;0.289359431745009
2013-12-26;-1.07651507847215;-0.0225941776241536
2013-12-27;0.236948909807496;0.264966984971106
2013-12-28;-0.768733425790134;0.477252782403349
2013-12-29;-1.52066854338011;0.130410830580837
2013-12-30;0.574178496877361;-0.107272248434293
2013-12-31;1.33457588997265;0.0951259280412215
2014-01-01;1.61706340772402;-0.328662887242031
2014-01-02;2.22855824291458;-0.215630220721413
2014-01-03;1.87063001464461;0.0511248761728152
2014-01-04;0.807453076378411;0.190573003243041
2014-01-05;1.42357346507032;-0.0239022857509767
2014-01-06;1.38560732168482;0.212153842114119
2014-01-07;1.17986184721944;0.246072965570705
2014-01-08;0.551268204630015;-0.0103073978904561
2014-01-09;1.31180485075326;0.231210039397062
2014-01-10;0.881695057994008;0.315437058153516
2014-01-11;1.14657792241738;0.366211727630707
2014-01-12;1.01096773739866;0.237675371045678
2014-01-13;-0.208979118390024;-0.20649973005841
2014-01-14;0.534086260276724;0.16886754730501
2014-01-15;1.34959363071591;0.127284044035819
2014-01-16;1.00881950539361;0.113950233380024
2014-01-17;0.658460312926036;-0.0804056319545018
2014-01-18;1.26542795125127;0.051198427344719
2014-01-19;0.220644901687802;-0.206394126536304
2014-01-20;2.67855417774175;0.0686270359738883
2014-01-21;1.16254545895456;0.139504663561213
2014-01-22;1.55195161123347;-0.43952288716022
2014-01-23;2.78370699337829;-0.286731716568201
2014-01-24;1.29750656315551;-0.0772697674702162
2014-01-25;0.63939893028333;0.0284912071657842
2014-01-26;0.745774192551931;0.017103980663371
2014-01-27;-0.470473573165039;0.146920553488886
2014-01-28;-1.40555363674397;0.13921978558275
2014-01-29;0.254517667260774;-0.283935733670081
2014-01-30;-0.619733600051427;-0.0170825168044435
2014-01-31;-1.1711446165236;-0.308091358942369
2014-02-01;-0.93694374060562;0.00236956687464568
2014-02-02;-0.6219010698751;0.105133458706158
2014-02-03;-0.473842991292556;0.311842079003867
2014-02-04;1.1361002931263;-0.111553846062638
2014-02-05;1.50161999341531;0.0379050112238188
2014-02-06;1.81397722084339;-0.513640562668824
2014-02-07;1.35778357855547;-0.610417088863075
2014-02-08;0.928368752954398;0.151372053201262
2014-02-09;2.01908512624368;0.523735965039867
2014-02-10;0.78299260989204;-0.0122139125784285
2014-02-11;-0.397454391687266;0.304394179552232
2014-02-12;-0.845926266946069;0.360478083285579
2014-02-13;-1.22190683390494;0.514422379628368
2014-02-14;-0.634204383180349;0.0407643134661346
2014-02-15;-0.952988138766044;-0.0959851234591146
2014-02-16;0.831767986051206;0.340502135610618
2014-02-17;-0.523867799553955;0.370524428327672
2014-02-18;0.889384015761848;-0.225384727686423
2014-02-19;1.01779016987793;0.532493521673668
2014-02-20;0.411178367341097;0.360578601877311
2014-02-21;0.245381827379031;0.0681491881181596
2014-02-22;0.741332334511613;0.428614015953643
2014-02-23;0.344127259051628;0.198213811451147
2014-02-24;-0.505905849672906;-0.155356962733172
2014-02-25;-0.556947145125759;0.207861080533867
2014-02-26;-0.721016576895175;-0.0496425388528839
2014-02-27;-0.165023260259698;0.0533492406437987
2014-02-28;1.403077017153;0.19637697624699
2014-03-01;0.346930861024713;-0.127825951997991
2014-03-02;0.267517228291135;0.0152728715147346
2014-03-03;0.317631751812489;0.0756381711814518
2014-03-04;-0.0876191629459007;-0.476402520934129
2014-03-05;-0.289855275239084;-0.146093555647679
2014-03-06;1.44343044402646;0.421400024060754
2014-03-07;2.47030215830048;-0.116196047165963
2014-03-08;2.20042757432994;-0.0995654337449741
2014-03-09;1.2834509584992;0.210240271776632
2014-03-10;2.7487665472883;-0.413492651428609
2014-03-11;1.27627585218524;-0.074806095599654
2014-03-12;1.08201477666481;-0.0615005642530884
2014-03-13;2.74878630659118;-0.268471013416336
2014-03-14;1.3776804399567;-0.375299527817299
2014-03-15;0.775094732133892;-0.232539086827298
2014-03-16;0.394674797832127;-0.200949773191805
2014-03-17;0.85975870663103;0.0903977910169773
2014-03-18;2.4509109129055;0.214182262403868
2014-03-19;2.4849055045927;-0.0618487709252754
2014-03-20;2.74180248600433;0.111495454557335
2014-03-21;1.40271498667709;0.568081752701923
2014-03-22;3.85675745004014;0.281967942523466
2014-03-23;2.06636861866706;0.10616995557421
2014-03-24;1.47783338147829;0.57057333458716
2014-03-25;2.02803673299872;0.123664064828595
2014-03-26;2.34292449589726;0.293783326321361
2014-03-27;2.97617400084031;0.289106579453179
2014-03-28;2.72885092367221;0.27263255913477
2014-03-29;1.91165066858447;0.239350919170923
2014-03-30;0.345902536208954;0.265983341121252
2014-03-31;0.526497640078439;0.296642053863537
2014-04-01;-0.321484128107504;0.0932822899064511
2014-04-02;-0.120179400415445;0.0589976736640639
2014-04-03;0.360329020631305;-0.563398710690421
2014-04-04;-0.551706621670732;-0.079185393325227
2014-04-05;1.61214765976449;0.24630727736546
2014-04-06;1.3236303275411;0.839621517810947
2014-04-07;0.71801540014522;0.515081085971969
2014-04-08;1.44950974039614;-0.00938168985464022
2014-04-09;1.23669420462109;-0.0258115566743883
2014-04-10;1.79558144068318;-0.0390406684296266
2014-04-11;1.10188215726641;-0.375875223692356
2014-04-12;0.625341344717111;-0.240430521866053
2014-04-13;-0.326120274355353;-0.0938754423716191
2014-04-14;-2.23409057828519;0.0342871322227468
2014-04-15;-0.59043801475634;-0.571707011540359
2014-04-16;-2.69175302589094;0.283164584196434
2014-04-17;-1.07453428599894;0.379003585762932
2014-04-18;-1.62929988549097;0.273441878778657
2014-04-19;-3.45433654189872;0.262883290028324
2014-04-20;-2.16713029340749;0.187115215656544
2014-04-21;-2.05878392571811;0.195862089815381
2014-04-22;-2.45951142510397;0.308282098249903
2014-04-23;-2.21289883260679;0.461662603944939
2014-04-24;-0.883686386587507;-0.138797804078773
2014-04-25;1.66649945468015;-0.546036251070321
2014-04-26;0.539398691370287;-0.134049952534025
2014-04-27;-0.317972093960433;0.176507885720979
2014-04-28;-1.37437728742683;-0.608650144704922
2014-04-29;0.158991136730555;-0.87105222525037
2014-04-30;-0.46459858230662;-0.464334405206285
2014-05-01;1.61825230561815;1.18980274476693
2014-05-02;0.639102897070356;-0.174468036455956
2014-05-03;1.05184408022839;0.289265105524248
2014-05-04;1.59434395129098;1.13182239936623
2014-05-05;0.828915639051276;1.65816662653605
2014-05-06;2.22581204181197;0.759258286296243
2014-05-07;1.38604783501516;-0.292466987869601
2014-05-08;1.49390706553315;-0.076621007143334
2014-05-09;1.97458750978368;-0.926994830187
2014-05-10;1.53410859604312;-0.413490255152545
2014-05-11;2.8940287874688;0.488307570791774
2014-05-12;1.91989530129184;0.485503213941645
2014-05-13;0.15790311044606;-0.461292195098549
2014-05-14;0.541812231119416;-0.0804484351835641
2014-05-15;0.660026307394628;-0.161395776400633
2014-05-16;0.0437656244640995;-0.324475970337716
2014-05-17;0.0316608949984817;-0.651653164777836
2014-05-18;1.04195986370917;0.188807553588762
2014-05-19;2.00420890107542;-0.20386170466337
2014-05-20;2.44527170621424;0.0272559613513951
2014-05-21;2.60112716749542;-0.290234889680932
2014-05-22;2.31381337505255;0.0908076571340181
2014-05-23;2.08908514511667;-0.077364815180042
2014-05-24;2.02777380045364;-0.00223929705687314
2014-05-25;1.7657467639672;0.118274363666789
2014-05-26;0.366822220005829;-0.133907522183184
2014-05-27;-0.384814060584886;0.105972283560393
2014-05-28;-0.87499638773426;0.399106121126624
2014-05-29;-1.68618921594653;0.0422435618757652
2014-05-30;-1.6375306993282;0.335844065692708
2014-05-31;-0.646313682441545;-0.343312626380779
2014-06-01;-2.20946702814975;0.23321921142654
2014-06-02;-2.65317485462913;0.0927685338339914
2014-06-03;-3.15778291188058;-0.627931738978068
2014-06-04;-2.431855505234;-0.0585185765647745
2014-06-05;-1.00007984441439;-0.266216370258211
2014-06-06;-1.46286972096133;-0.105307606026544
2014-06-07;-0.154941803576962;0.13830716327574
2014-06-08;-1.0095338645807;-0.376417041636166
2014-06-09;0.177731006756266;-0.127368235029598
2014-06-10;-0.249846547194365;0.387589092379471
2014-06-11;-0.010264468229864;0.247523384666128
2014-06-12;0.674244190200759;0.0139638218445371
2014-06-13;0.394233866896407;0.209898999375258
2014-06-14;0.535815504784652;0.219137989988158
2014-06-15;0.505785034674923;-0.0110264058019523
2014-06-16;-1.03800165030572;-0.109740892547271
2014-06-17;-1.66974279616312;-0.524686340091317
2014-06-18;-2.44838511214894;0.0635241957446393
2014-06-19;-2.48356307709604;-0.0534855357758517
2014-06-20;-3.37353871386752;-0.42841981438224
2014-06-21;-1.30399558835526;0.124584359904759
2014-06-22;-1.8620501670869;0.0638097351648183
2014-06-23;-0.39780928047505;0.113651413480333
2014-06-24;-1.1226327671826;-0.00955059783960946
2014-06-25;0.775252994144352;0.335495523868763
2014-06-26;2.58890044158609;0.416273028452515
2014-06-27;0.951440104911148;-0.186354923448846
2014-06-28;1.74822292694874;-0.242078433823973
2014-06-29;1.40883504978651;-0.0731930766817323
2014-06-30;1.89503681226019;-0.11477805216523
2014-07-01;-0.102612559689704;0.0893168575557533
2014-07-02;-0.341487425132887;0.47704792477708
2014-07-03;0.285952588442775;0.133127005362653
2014-07-04;-1.42139049091721;0.221104231869856
2014-07-05;-0.337938540725567;-0.0495222949033096
2014-07-06;-2.3358020641334;-0.188282316899403
2014-07-07;0.544072323090337;0.39306875540008
2014-07-08;-0.646672194932412;-0.0703506053596311
2014-07-09;-2.01424622794655;-0.167977046799031
2014-07-10;-2.21709844471509;0.0742819376637226
2014-07-11;-2.34788451352293;0.0957215829634915
2014-07-12;-0.978657208350372;-0.310041390247004
2014-07-13;-1.50895832047402;0.336928872116293
2014-07-14;-2.78339603085566;-0.0269025594698345
2014-07-15;-1.33808824123511;0.0693239510789594
2014-07-16;-0.636808677909883;-0.0827334725263136
2014-07-17;-1.82104566069691;-0.0573141401757958
2014-07-18;0.26208286153968;-0.0833708462329445
2014-07-19;-2.11877070361684;-0.0314758547496032
2014-07-20;0.420814984686126;-0.00774102443429493
2014-07-21;1.36112416970163;0.0206526950270128
2014-07-22;1.59168369808094;0.184977855035018
2014-07-23;0.7816315284896;-0.0859408188496758
2014-07-24;0.809506159123531;-0.148302998054776
2014-07-25;0.287774463935703;0.228967271809176
2014-07-26;-0.498509841243961;-0.153408494893596
2014-07-27;0.0412015670598029;0.332005145695769
2014-07-28;-0.347126845670099;-0.249846708629427
2014-07-29;1.10997818993745;-0.41207512283927
2014-07-30;2.94393513559258;-0.0554379716919509
2014-07-31;1.73593850262091;-0.00431418038280623
2014-08-01;2.34845745331398;0.163856054659335
2014-08-02;2.04778695923605;0.0363350055833058
2014-08-03;3.442549708469;-0.262236637273285
2014-08-04;3.02274602436269;0.333662747916966
2014-08-05;0.579719802637218;-0.0521238503056156
2014-08-06;0.868017047404913;0.372506670708017
2014-08-07;0.291024076961468;-0.160706291697414
2014-08-08;1.05073244513621;-0.0922239924103976
2014-08-09;1.0794863591763;-0.00542079924468324
2014-08-10;-0.199842415173329;0.222164362929122
2014-08-11;-0.342401326970858;0.214579940903017
2014-08-12;0.664632072146325;-0.391494999080184
2014-08-13;1.34331576253524;0.349187059524453
2014-08-14;1.98196787565741;0.223697066948056
2014-08-15;0.668705073559235;0.118367194100635
2014-08-16;1.15325443052001;-0.095123730119994
2014-08-17;2.34196344762217;-0.199333556113026
2014-08-18;0.531007715099148;0.409703191497835
2014-08-19;0.202476660294926;-0.271219251925783
2014-08-20;1.04420817581584;-0.208763339949066
2014-08-21;0.598589932394902;0.104055338099749
2014-08-22;1.20187894151756;0.326335160095428
2014-08-23;1.74784997239175;0.251998449624155
2014-08-24;3.97418997233385;-0.01233315505335
2014-08-25;3.73696140029214;-0.293669997689236
2014-08-26;2.44317077221268;0.63143679624408
2014-08-27;4.96022213957017;-0.255487148282351
2014-08-28;2.18752835271545;0.399631527570296
2014-08-29;2.43772180360745;0.593478692671921
2014-08-30;2.50491672896331;0.076626793974306
2014-08-31;2.05341874174019;0.272000309731217
2014-09-01;1.4743662074677;0.706983765235735
2014-09-02;2.13043110709922;-0.264759894966307
2014-09-03;0.938173904628013;0.222739921834811
2014-09-04;1.14918175423829;0.232889140169513
2014-09-05;0.154249453757599;0.357948053607691
2014-09-06;-0.953103382228867;-0.567243847253219
2014-09-07;0.1447106628254;-0.410490541780391
2014-09-08;-1.47108979436167;0.285756170330638
2014-09-09;-0.303681965481449;0.174314635182098
2014-09-10;-2.0524461630874;0.325716756680936
2014-09-11;0.630488512231475;-0.14467025700816
2014-09-12;1.48234429426677;-0.210737345968397
2014-09-13;2.07336630052197;0.0273012838366999
2014-09-14;1.97702076056973;0.0261302010742652
2014-09-15;0.849360345633484;0.0813621896756313
2014-09-16;0.221389031261369;-0.115388567514154
2014-09-17;0.386012753474395;0.189471259190301
2014-09-18;1.10596948409872;-0.101751593230942
2014-09-19;0.325866887109816;0.168109515403259
2014-09-20;-0.293365155244951;0.155763276790621
2014-09-21;2.53150601910488;-0.113050691466735
2014-09-22;1.2026457683159;-0.112597344687455
2014-09-23;1.10469373571094;-0.416171508220048
2014-09-24;1.49871894652257;0.223990289746882
2014-09-25;1.47181315727591;-0.218946505807322
2014-09-26;1.75911514166818;-0.345157848275031
2014-09-27;-0.467151920666715;-0.13006899759768
2014-09-28;0.453687255369262;0.0170719249306525
2014-09-29;1.18143721729504;-0.218948798231268
2014-09-30;-0.771886147200135;0.186967313181319
2014-10-01;-0.169601371151029;0.416568554052512
2014-10-02;-0.270229796795473;0.190260030410564
2014-10-03;1.5076326154185;-0.0687272141103069
2014-10-04;1.92213121780553;0.596004258116327
2014-10-05;0.598731128546062;0.186106974881841
2014-10-06;0.272106732049116;0.162811971718793
2014-10-07;-0.336849075276331;-0.0914993788116415
2014-10-08;0.0238600231933984;-0.135989762109154
2014-10-09;-0.342326100301119;0.315137223263908
2014-10-10;-0.427956363732244;0.374490104120962
2014-10-11;0.53433966212389;-0.34139959940037
2014-10-12;-0.0376477203310853;-0.396109529409779
2014-10-13;1.29640004776601;0.192942195567334
2014-10-14;0.777499559654231;0.114602499530427
2014-10-15;1.24308972773535;-0.00817262763040517
2014-10-16;-0.0726334436686148;-0.263897591181954
2014-10-17;-0.714198616301896;0.0732971962905443
2014-10-18;-0.812441057563477;-0.34453855091012
2014-10-19;-1.12564414908336;0.211109986144458
2014-10-20;-0.189622476379603;-0.272128032155858
2014-10-21;-1.07673878000669;0.591193756493463
2014-10-22;-0.341315156139461;-0.26108552831557
2014-10-23;1.42768783919114;0.174143987987691
2014-10-24;1.01481940997892;-0.0927629092538043
2014-10-25;-0.361934613604686;0.0649437709147
2014-10-26;-0.937864606587552;0.368438172219577
2014-10-27;-0.808309442293047;0.0564289929815628
2014-10-28;-0.859121251451381;0.0453764902685041
2014-10-29;-2.47581535480105;0.104701419695005
2014-10-30;-1.59481471354871;0.233081285349388
2014-10-31;-0.730439611027888;0.22497867825639
2014-11-01;-1.43439597557367;0.19648253815457
2014-11-02;-1.76575471437548;0.278165903777588
2014-11-03;0.153138835165307;0.165614611378733
2014-11-04;1.13537813383358;-0.229121868867173
2014-11-05;0.185253125590458;0.177881625291749
2014-11-06;1.54417445942254;-0.27976172461026
2014-11-07;1.31169502073029;-0.326144038017493
2014-11-08;0.44680197844596;0.594241290541922
2014-11-09;0.421168256240454;-0.0471261544017338
2014-11-10;0.593469176980791;0.432683269536926
2014-11-11;0.778175654329462;-0.270169821478016
2014-11-12;0.386950518055908;0.311200180035493
2014-11-13;-0.169930566161492;0.401725797445345
2014-11-14;0.305288934808449;-0.287117881962812
2014-11-15;-0.361171811912482;0.270073915156721
2014-11-16;-0.447067560591459;-0.170698638941672
2014-11-17;-2.81106288929515;0.287104830959597
2014-11-18;-2.51454209895851;-0.0577582751840928
2014-11-19;-2.11306189001317;-0.437575311663649
2014-11-20;-3.25782218228193;0.379493861228206
2014-11-21;-1.14580880272257;0.219629081980358
2014-11-22;-1.18835900334626;-0.39285364502654
2014-11-23;-2.17468714535581;-0.132614029428085
2014-11-24;-0.78348284133983;0.238717729181755
2014-11-25;-2.18043194841258;-0.36957798005161
2014-11-26;-1.64327593423653;0.142359659137811
2014-11-27;-1.13845187122039;-0.122286575624236
2014-11-28;-1.02445312421503;-0.0683114652000393
2014-11-29;-2.22311879724201;0.18863232846666
2014-11-30;-2.97260417453978;0.0746957522218074
2014-12-01;-2.2058815537872;0.100019989000716
2014-12-02;-1.9810619527191;0.209267144574598
2014-12-03;-3.18547554599026;0.200367670242905
2014-12-04;-1.98797646102109;0.0953580531298119
2014-12-05;-3.36577019868437;-0.18806196909187
2014-12-06;-0.895729578646921;0.125732717028684
2014-12-07;-0.316368700417911;-0.0697729167572132
2014-12-08;-0.897532145899797;0.0411713949819432
2014-12-09;0.413273729365777;-0.260997335728027
2014-12-10;-0.35906642079839;-0.167360542766062
2014-12-11;-0.639195524823174;-0.364101343972373
2014-12-12;-0.196831435172947;0.0594237854666484
2014-12-13;-0.672268393025744;0.301037836642809
2014-12-14;-1.11837235584435;0.444551154253193
2014-12-15;-1.95913190835322;-0.0548001857787963
2014-12-16;-1.05884939905469;-0.260747564404264
2014-12-17;0.417436313851898;-0.326199492086698
2014-12-18;-0.876846364791268;0.0935604281704834
2014-12-19;-2.0874909439463;0.418232923177468
2014-12-20;-0.805647892109242;-0.410591312144031
2014-12-21;-1.66831858690195;-0.00457235397288887
2014-12-22;-0.176534094496235;-0.077368576792646
2014-12-23;0.749899515555697;0.482725780223045
2014-12-24;-0.386373639769468;-0.0661022712184433
2014-12-25;-0.21993285655841;0.218934642410026
2014-12-26;0.265548907532196;0.00473839138248684
2014-12-27;-0.0792080091759087;-0.572167805859168
2014-12-28;1.3516380614312;0.290967971250577
2014-12-29;1.89340451969119;-0.551029857021161
2014-12-30;2.20344160408613;-0.352105581614131
2014-12-31;2.5669935479478;0.651187629315164
2015-01-01;1.41519634726653;0.527611195613653
2015-01-02;0.822014685721281;0.0508426756125779
2015-01-03;1.25739580351442;0.472578032309124
2015-01-04;0.760445061980941;0.463247068108945
2015-01-05;1.05384732227839;0.454873734610104
2015-01-06;-0.61082272891053;0.131549924851252
2015-01-07;1.17372851145964;-0.230631063312982
2015-01-08;0.305119468363391;-0.322641218819137
2015-01-09;-0.602496858176663;0.130236223412145
2015-01-10;0.101600538651722;0.0908509720677194
2015-01-11;-0.421714324408616;0.205901084928244
2015-01-12;-0.125029332810496;0.292122044060225
2015-01-13;0.721214749112424;-0.141525112559352
2015-01-14;0.348196102806149;-0.344366186012347
2015-01-15;1.00901116692179;-0.300488504452958
2015-01-16;0.17802356010315;0.119692765072748
2015-01-17;1.58755223677295;0.74038374836714
2015-01-18;0.0265606477892537;0.304643483417649
2015-01-19;0.744090592823178;-0.0876697021667144
2015-01-20;1.81494850300494;-0.0595282210858638
2015-01-21;0.151032768358715;0.862092205023782
2015-01-22;-0.031547371731911;-0.34896051181692
2015-01-23;-0.77546533285283;-0.189973441347177
2015-01-24;-1.90978926517803;0.368904735604717
2015-01-25;-2.94238155176817;-0.300988725460321
2015-01-26;-2.38288646478261;0.653945040997789
2015-01-27;-2.39154550663039;0.700103078625854
2015-01-28;-1.73767142264321;0.69081936932236
2015-01-29;-1.97932512031239;-0.359060601425776
2015-01-30;-2.3706331832544;-0.451930559448783
2015-01-31;-0.612118339573389;0.0841313282420826
2015-02-01;-2.73684999233754;-0.361434690843662
2015-02-02;-1.8353334867699;-0.131456893183511
2015-02-03;-2.21799502968336;-0.0804266168661963
2015-02-04;-2.38013419756263;0.316590783266255
2015-02-05;-1.75116336058259;0.0972545998880618
2015-02-06;-0.9695918222173;0.596204769381292
2015-02-07;-0.292328900956119;-0.0445460370370644
2015-02-08;-0.475312254730882;-0.163936083590788
2015-02-09;0.231244214066435;0.815248604848873
2015-02-10;-0.0832558729602399;0.499452018398189
2015-02-11;-0.474504732358935;0.0223056764903585
2015-02-12;2.21173558246907;0.0257178987870046
2015-02-13;2.04626309758296;-0.0405101453006874
2015-02-14;1.72629218367434;0.332684991577033
2015-02-15;2.10223876105461;0.00148001425291837
2015-02-16;1.80034892865557;0.409567457692428
2015-02-17;0.469476555436291;-0.0878976774904779
2015-02-18;0.218569587031641;-0.0896327532389463
2015-02-19;-0.128583933118419;0.248316637638982
2015-02-20;1.19306868470376;0.318172680712629
2015-02-21;-0.245515067468668;-0.333223517316359
2015-02-22;-0.866559011103564;0.310573651630208
2015-02-23;-0.242118861528452;0.501789435178331
2015-02-24;0.996835228148862;0.180384508041358
2015-02-25;-1.57950086107769;0.038042585506438
2015-02-26;-0.673518941424549;0.0945036237531422
2015-02-27;-0.112170181204318;0.078050289967274
2015-02-28;1.74186754745144;0.0755323214317711
2015-03-01;0.356319294815929;0.116637364172533
2015-03-02;0.77397029316573;-0.0437499073982444
2015-03-03;1.39564163411222;0.283866943073143
2015-03-04;0.903065655037756;0.257383558822163
2015-03-05;-0.157056988975401;-0.0837793118991209
2015-03-06;-0.662371840054412;-0.17470212938965
2015-03-07;-1.75481827940481;0.209908182351866
2015-03-08;-1.63386758768573;0.116913968171678
2015-03-09;-0.199853586560651;-0.140797690955865
2015-03-10;0.0303303027426614;-0.0631298313326683
2015-03-11;-0.878176058930486;-0.0551304149315711
2015-03-12;-0.706654689691704;0.101430929040327
2015-03-13;-0.814221322315269;0.713247422345874
2015-03-14;-1.92121192831507;0.211904503506962
2015-03-15;0.274441654343694;-0.142779778957902
2015-03-16;0.546579020502407;-0.382697198608473
2015-03-17;-0.207432830151454;-0.127759573118047
2015-03-18;-0.262405204499319;0.0265662819209904
2015-03-19;0.135666968123799;0.0606905829624431
2015-03-20;-0.0502223604138906;0.405702107860961
2015-03-21;0.683681109218125;0.145327119313288
2015-03-22;1.39507358062893;-0.164127480500024
2015-03-23;0.644189873451523;-0.181375900894021
2015-03-24;0.493371792842795;0.157969627393761
2015-03-25;0.375237502983265;-0.401874550524259
2015-03-26;1.21483017189282;-0.153162340788593
2015-03-27;1.45537130167644;0.170880900948176
2015-03-28;2.16089262875226;0.0488685863587757
2015-03-29;1.90562338205867;0.184948607108787
2015-03-30;1.80827580628477;0.327195471545966
2015-03-31;1.17169802111357;0.486347951690238
2015-04-01;2.107062687563;0.129225284935492
2015-04-02;1.85660053108634;0.0929149335415493
2015-04-03;1.20618209292941;0.12367294606719
2015-04-04;1.02882381992941;-0.042818892572947
2015-04-05;0.781494959662278;0.285706442660876
2015-04-06;0.556100807899565;-0.172237211020178
2015-04-07;0.0399466746692684;-0.0684823349654773
2015-04-08;0.0327532128940619;-0.0891168781095194
2015-04-09;-0.374392149194428;-0.0863891044857368
2015-04-10;1.2251967595577;0.207252698477676
2015-04-11;0.506258109792946;-0.157515834259675
2015-04-12;1.9972965594386;0.26789677144388
2015-04-13;1.47488531186111;0.249836641559245
2015-04-14;1.10009667130423;0.296647458101115
2015-04-15;0.529982629569332;0.0562746168919463
2015-04-16;0.558597538422021;0.234331905701153
2015-04-17;1.14991936998804;-0.0861405626055126
2015-04-18;1.60921199057908;-0.565825100583753
2015-04-19;0.515675221285005;0.185115982857567
2015-04-20;0.0741113351136784;0.244992560600733
2015-04-21;-0.0476185913411624;-0.105090777518967
2015-04-22;1.43026484870353;-0.118857407202715
2015-04-23;-0.465734778534093;0.744958336845105
2015-04-24;-0.352123895796784;0.10621567843085
2015-04-25;-0.962369652216054;0.378164475497709
2015-04-26;0.989323760832765;0.196991149621866
2015-04-27;0.242125068575469;-0.191896712440662
2015-04-28;-0.0778224015070957;0.259120224602669
2015-04-29;-0.232570376583376;-0.0550799854227394
2015-04-30;-2.17806773278548;-0.0679219456689356
2015-05-01;-0.983612197098846;0.22059565161734
2015-05-02;0.121318392925508;0.315407824219424
2015-05-03;-2.07270096556909;0.301904236890538
2015-05-04;-1.82121335575877;0.362981283799782
2015-05-05;-1.37946249594666;0.30454053278482
2015-05-06;0.216749053186744;-0.407899952743851
2015-05-07;-0.79431527011519;-0.0980778753160251
2015-05-08;0.460817301746618;0.166287072578825
2015-05-09;-1.09443445727738;-0.141783381681259
2015-05-10;-0.869932957877667;0.0196998434797332
2015-05-11;-1.02265892907241;-0.319552676548134
2015-05-12;-1.19251005053645;-0.00339081813923152
2015-05-13;-4.67170644325185;-0.010893033466064
2015-05-14;-2.62056506867662;-0.221119643503647
2015-05-15;-1.30520332489077;0.0112930176457352
2015-05-16;-2.60457666388778;0.234297914995931
2015-05-17;-1.15986385326534;-0.577022950654426
2015-05-18;-1.09857653303006;0.175740530272173
2015-05-19;-2.32080030450702;0.281200043377368
2015-05-20;-2.18707168196484;-0.0278628960185188
2015-05-21;-2.65448748028777;0.0386829542681283
2015-05-22;-2.80649034554907;0.097477030468669
2015-05-23;-4.22855450050172;0.253196712600836
2015-05-24;-4.18052196244513;0.340814024571502
2015-05-25;-5.03858702016288;-0.125216952439406
2015-05-26;-3.27891672744511;0.238626491865541
2015-05-27;-2.97326402531515;-0.162174313553468
2015-05-28;-1.95829186867481;0.278654236517864
2015-05-29;-2.81371154475479;0.010584725502136
2015-05-30;-3.53074772319492;0.0426533751224672
2015-05-31;-2.96857525396727;0.234647920853133
2015-06-01;-2.00122834445352;-0.0360581360265036
2015-06-02;-1.95431115264377;0.328870536090751
2015-06-03;-2.37741535592312;0.14371182239473
2015-06-04;-2.30099686394492;-0.29302480378114
2015-06-05;-1.60915372889067;0.115351945610103
2015-06-06;-1.77537336439454;0.392303205161001
2015-06-07;-1.05271787068728;-0.048680967371112
2015-06-08;-0.724425579036041;-0.106864828972757
2015-06-09;0.359010136702832;0.0568488581057725
2015-06-10;-0.309956863902473;-0.0424722995373757
2015-06-11;-2.12673825029362;-0.128177722715621
2015-06-12;-1.55990466030979;0.260541999274146
2015-06-13;0.427535855994665;0.402053941077433
2015-06-14;-0.996853304519308;0.40987224622098
2015-06-15;-1.49204448817342;0.245269898130238
2015-06-16;-1.37101453102164;0.355678357401139
2015-06-17;-0.956604253410172;0.650843712921192
2015-06-18;-0.790632298476631;0.280099371141754
2015-06-19;-0.468735543088874;0.0149579744074382
2015-06-20;-1.17220864203512;0.049988048534732
2015-06-21;-1.75895625836087;-0.203386316555996
2015-06-22;-0.868334055639572;-0.524475773978119
2015-06-23;-0.369278538285522;0.226823023061448
2015-06-24;-0.691947015962967;0.102230621575143
2015-06-25;-0.391091235392735;-0.170395357964289
2015-06-26;-1.49954744091668;-0.219818346100385
2015-06-27;-1.55997122796379;0.098193803622105
2015-06-28;0.0541978998973437;0.622239190339972
2015-06-29;0.303204577284362;0.152606390412377
2015-06-30;-0.826108662162872;-0.247859919793076
2015-07-01;-0.0261672257945303;-0.132031131998546
2015-07-02;-0.69976132870297;0.0345338020685409
2015-07-03;-0.939372551285801;0.164582969934449
2015-07-04;-0.513326608689838;-0.0250844291815596
2015-07-05;-2.09851943541591;0.139262012811883
2015-07-06;-1.87370597614692;-0.197017525948508
2015-07-07;-2.66274581110402;0.118954384633399
2015-07-08;-2.00477056135947;0.0421819322163204
2015-07-09;-3.3193016785347;0.3729008068837
2015-07-10;-2.36683449971527;-0.283497684195861
2015-07-11;-3.30375915419236;0.0999384752980501
2015-07-12;-2.78899682126721;0.491030858138973
2015-07-13;-3.88711277963555;-0.218822272729646
2015-07-14;-0.897346919555618;0.2366232400256
2015-07-15;0.0349044289384534;0.486057016188533
2015-07-16;0.327059950187366;0.695522496645739
2015-07-17;0.968912598969958;-0.115328926751918
2015-07-18;0.45348217796694;0.188397939126715
2015-07-19;0.13258493332855;-0.272105043333451
2015-07-20;0.160680990335658;0.473993770796886
2015-07-21;0.644285725877161;0.721747498092895
2015-07-22;-0.672939477330682;0.272361297401894
2015-07-23;0.284419475249564;0.363394098608253
2015-07-24;0.582460869928634;-0.0791310771922866
2015-07-25;-2.54068658133196;0.200750302371874
2015-07-26;-0.0661595698182193;0.0679633759207227
2015-07-27;-1.90688192470905;-0.11558379877073
2015-07-28;-3.63399520248599;0.463630677785785
2015-07-29;-2.14505069093067;-0.441848395999323
2015-07-30;-1.99657896453659;0.365209533371128
2015-07-31;-0.761434586402068;0.224659511379253
2015-08-01;-0.730509345500018;0.201345987273979
2015-08-02;-1.80540307844227;0.535783518747881
2015-08-03;-1.43919265588176;0.293262185651904
2015-08-04;-1.31679076008607;0.374262008602321
2015-08-05;-1.95151806265347;-0.213379189535918
2015-08-06;-3.58626464957638;-0.262399138356251
2015-08-07;-2.4024117205511;-1.08963412222187e-05
2015-08-08;-4.86526827744081;0.0727676918941691
2015-08-09;-2.89670672090209;0.152756145875281
2015-08-10;-4.76506782764908;-0.21934304104039
2015-08-11;-3.09579913170783;-0.0720699587764178
2015-08-12;-2.64730196593349;0.13231192524658
2015-08-13;-2.18099346213374;0.0107138862979122
2015-08-14;-2.07673303585041;-0.0637889855396761
2015-08-15;-1.76864277485891;0.30781132558822
2015-08-16;-0.165186908013656;0.263957561206967
2015-08-17;1.13816284984036;0.194457891336851
2015-08-18;0.721625923067151;-0.11004973057348
2015-08-19;0.810216351298775;0.107536249930012
2015-08-20;0.0362166150431413;0.279822369167906
2015-08-21;-0.231122715812278;-0.246195623060776
2015-08-22;-0.428914857555843;0.356038922092871
2015-08-23;0.754237386423837;0.241520461382243
2015-08-24;-0.854137977356663;-0.00120263733210015
2015-08-25;0.269775271803108;0.51898319763256
2015-08-26;-0.24089791383402;0.257912841012438
2015-08-27;0.201289114803246;0.214707696911206
2015-08-28;-1.2013530321182;0.303104531401342
2015-08-29;-0.823436666843171;-0.0352401158472277
2015-08-30;-1.67853416941209;-0.0528890373355957
2015-08-31;-1.82798149857905;0.084215472178513
2015-09-01;-2.14989215465585;-0.112009145506938
2015-09-02;-1.6089838175834;0.356095701302862
2015-09-03;-1.27078205796817;0.478772290557721
2015-09-04;-2.13030938572749;0.380903434097982
2015-09-05;-1.84411213398321;0.168563719378007
2015-09-06;0.114698238013814;-0.0385715395410198
2015-09-07;0.935139183828279;-0.0624647684229655
2015-09-08;-0.118088879165201;0.49100220911841
2015-09-09;1.73908580730658;0.113309216902054
2015-09-10;0.823385500104075;-0.0884805588138026
2015-09-11;-1.70101991198782;-0.15249667521516
2015-09-12;-1.61514923808372;-0.00624633434026141
2015-09-13;-2.05094313646907;0.0207087401257394
2015-09-14;-0.364925756337439;-0.138866414708744
2015-09-15;0.293592314907488;0.0710477287227226
2015-09-16;0.261821041200076;-0.124166416475029
2015-09-17;0.111574438587027;0.401533153760681
2015-09-18;-0.0419667602085353;-0.200904396074534
2015-09-19;-1.32773246203606;-0.183871673699867
2015-09-20;0.0218339969550735;-0.172483998259985
2015-09-21;1.76858491111313;0.207280185516111
2015-09-22;1.84927093755184;0.0704690705770778
2015-09-23;1.72631981050692;0.121863116931611
2015-09-24;1.42305150773426;0.461517561843443
2015-09-25;0.546004933169427;-0.103062907811712
2015-09-26;1.43775337322967;0.0225034497783341
2015-09-27;0.243749049583392;0.382238442235842
2015-09-28;1.01372531908024;-0.163684181762499
2015-09-29;0.0388186262718424;-0.0452905430194793
2015-09-30;2.41321972213295;0.33429574178671
2015-10-01;0.47171546154204;0.0885198049802519
2015-10-02;1.39422216921106;-0.0998453420592281
2015-10-03;-0.11883188330691;-0.00758514488725284
2015-10-04;0.20808459659146;0.00302777074366432
2015-10-05;0.157704928068119;0.295407458348273
2015-10-06;1.53049353963463;0.394689366131843
2015-10-07;1.10682509193536;0.0804227388125153
2015-10-08;0.793312291248289;0.143581060856213
2015-10-09;0.273658247310002;0.0857396497777645
2015-10-10;-1.97652980785407;-0.0059527242657602
2015-10-11;-2.20631871972896;0.0335120793783109
2015-10-12;-1.96794200340295;0.254756022908356
2015-10-13;-0.960322325586107;0.0458244764848771
2015-10-14;-1.1519011068436;0.0997970863163543
2015-10-15;-1.42465401947703;0.401537906828315
2015-10-16;-0.958286098497628;-0.13267345913711
2015-10-17;-1.18879836387878;0.171857974702436
2015-10-18;-1.25771255548494;-0.154953383337291
2015-10-19;-0.769836584207668;0.150614789455408
2015-10-20;-1.68469857072274;0.530940774334181
2015-10-21;-1.8159503161182;0.0311269509554604
2015-10-22;-0.573873614662616;0.369188890808347
2015-10-23;-0.796700534172487;0.309514199395548
2015-10-24;-0.710846963067994;-0.258416803152032
2015-10-25;0.534059605083345;0.160787167778477
2015-10-26;-2.59486073634634;-0.498578990183807
2015-10-27;-1.38787540853362;-0.464421292757006
2015-10-28;-2.085141307818;0.350142419516225
2015-10-29;-1.97106413430066;0.0284866454498609
2015-10-30;-1.74072226160446;-0.0144559134318695
2015-10-31;-1.94461787104062;0.322238698337674
2015-11-01;-0.751678573060536;0.383797959687509
2015-11-02;-1.32763085420908;0.298215392472281
2015-11-03;-1.15898791933553;0.578477033796484
2015-11-04;-2.24263129521975;0.486478754808147
2015-11-05;-2.44211665647648;0.239347771764124
2015-11-06;-0.972353208565154;0.547415023484243
2015-11-07;-2.02868028936389;0.641280113694989
2015-11-08;-1.23221409483153;0.356981253754831
2015-11-09;-1.31594621638171;0.11409100245397
2015-11-10;0.28710613981005;0.470638225129761
2015-11-11;-1.14913707961983;0.150447304258243
2015-11-12;-1.30204670093354;-0.223389422252769
2015-11-13;-1.15435735829248;-0.222390754408845
2015-11-14;0.06890494838106;-0.188325629163436
2015-11-15;-0.0492419719539954;0.0590669564586282
2015-11-16;0.895246928774632;0.408973703670714
2015-11-17;-1.24727768369738;-0.187880474774305
2015-11-18;0.401314877797008;-0.0669609304975987
2015-11-19;-0.902941873275064;0.112758264059447
2015-11-20;-1.62821687125206;0.12628546476265
2015-11-21;-3.07461551691499;0.321557411438992
